close,high,low,volume,SMA9,SMA21,SMA50,SMA100,SMA200,SMA400,ParabolicSAR,RSI14,RSI28,Stoch_K,Stoch_D,CCI,MFI,ROC,BB_upper20,BB_mid20,BB_lower20,BB_upper50,BB_mid50,BB_lower50,BB_upper100,BB_mid100,BB_lower100,ATR,Keltner_lower,Donch_lower,Donch_upper,OBV,ChaikinMF,ForceIndex,VolumeOsc,MACD_hist_diff,RSI_overbought,price_accel,pca_1,pca_2,pca_3,pca_4,pca_5,pca_6,pca_7,pca_8,pca_9,pca_10,ae_1,ae_2,ae_3,hour_sin,hour_sin,hour_cos,hour_cos,day_of_week_sin,day_of_week_sin,day_of_week_cos,day_of_week_cos,day_of_month_sin,day_of_month_sin,day_of_month_cos,day_of_month_cos,day_of_year_sin,day_of_year_sin,day_of_year_cos,day_of_year_cos,timestamp,open,hour,day_of_week,day_of_month,day_of_year,MACD_hist,PCA0,PCA1,PCA2,PCA3,PCA4,AE0,AE1,AE2,AE3,AE4,signal1,signal2,signal3
20049.671415301123,20133.153615930878,19890.709154592794,11434.625692377613,0.0,0.0,0.0,0.0,0.0,0.0,0.0,0.0,0.0,0.0,0.0,0.0,0.0,0.0,0.0,0.0,0.0,0.0,0.0,0.0,0.0,0.0,0.0,0.0,0.0,0.0,0.0,0.0,0.0,0.0,0.0,0.0,0.0,0.0,0.0,0.0,0.0,0.0,0.0,0.0,0.0,0.0,0.0,0.0,0.0,0.0,0.0,0.0,0.0,1.0,1.0,-0.7818314824680299,-0.7818314824680299,0.6234898018587334,0.6234898018587334,0.20129852008866006,0.20129852008866006,0.9795299412524945,0.9795299412524945,0.01716632975470737,0.01716632975470737,0.9998526477050269,0.9998526477050269,2023-01-01 00:00:00,20031.872781368562,0,6,1,1,0.0,0.8129010091300776,0.9997176732861306,0.9966368370739054,0.5554317056026274,0.7689874151805105,0.03700763471549262,0.596269878482053,0.23000883728770305,0.12056688577727881,0.07695320162920916,0.31130769915600365,0.6103337833109184,0.7161506742231936
20035.844985184005,20080.266547278152,19935.317566562968,39267.97842728625,0.0,0.0,0.0,0.0,0.0,0.0,0.0,0.0,0.0,0.0,0.0,0.0,0.0,0.0,0.0,0.0,0.0,0.0,0.0,0.0,0.0,0.0,0.0,0.0,0.0,0.0,0.0,0.0,0.0,0.0,0.0,0.0,0.0,0.0,0.0,0.0,0.0,0.0,0.0,0.0,0.0,0.0,0.0,0.0,0.0,0.0,0.0,0.0,0.0,1.0,1.0,-0.7818314824680299,-0.7818314824680299,0.6234898018587334,0.6234898018587334,0.20129852008866006,0.20129852008866006,0.9795299412524945,0.9795299412524945,0.01716632975470737,0.01716632975470737,0.9998526477050269,0.9998526477050269,2023-01-01 00:05:00,19997.952679660786,0,6,1,1,0.0,0.944765729882428,0.8496473906774115,0.24734810174319766,0.4505441353100935,0.12915941515149498,0.6962887758781398,0.33987496376806614,0.7247667715287615,0.06535634079894237,0.31529033783061033,0.27262400073353377,0.4135491015253515,0.12188609333694755
20100.613838994075,20124.58691246081,19985.233062068804,32819.812849231756,0.0,0.0,0.0,0.0,0.0,0.0,0.0,0.0,0.0,0.0,0.0,0.0,0.0,0.0,0.0,0.0,0.0,0.0,0.0,0.0,0.0,0.0,0.0,0.0,0.0,0.0,0.0,0.0,0.0,0.0,0.0,0.0,0.0,0.0,0.0,0.0,0.0,0.0,0.0,0.0,0.0,0.0,0.0,0.0,0.0,0.0,0.0,0.0,0.0,1.0,1.0,-0.7818314824680299,-0.7818314824680299,0.6234898018587334,0.6234898018587334,0.20129852008866006,0.20129852008866006,0.9795299412524945,0.9795299412524945,0.01716632975470737,0.01716632975470737,0.9998526477050269,0.9998526477050269,2023-01-01 00:10:00,20099.89416456259,0,6,1,1,0.0,0.9540510272587224,0.60617463445088,0.22864280550346272,0.6717006844058567,0.6181282404578958,0.5394912923753372,0.7907231648389635,0.3187525029320699,0.6258913764370091,0.8859777482361871,0.18114934953468032,0.6811178539649828,0.18143834769562694
20252.916824634878,20320.439858915604,20154.413285871105,9550.520425525561,0.0,0.0,0.0,0.0,0.0,0.0,0.0,0.0,0.0,0.0,0.0,0.0,0.0,0.0,0.0,0.0,0.0,0.0,0.0,0.0,0.0,0.0,0.0,0.0,0.0,0.0,0.0,0.0,0.0,0.0,0.0,0.0,0.0,0.0,0.0,0.0,0.0,0.0,0.0,0.0,0.0,0.0,0.0,0.0,0.0,0.0,0.0,0.0,0.0,1.0,1.0,-0.7818314824680299,-0.7818314824680299,0.6234898018587334,0.6234898018587334,0.20129852008866006,0.20129852008866006,0.9795299412524945,0.9795299412524945,0.01716632975470737,0.01716632975470737,0.9998526477050269,0.9998526477050269,2023-01-01 00:15:00,20247.113192609533,0,6,1,1,0.0,0.3581627180328405,0.11355759219962902,0.6715731955927996,0.5203077009037933,0.7723183917356393,0.6158631881823046,0.23295947475363377,0.02440078155653802,0.8700988739009299,0.021269410850387138,0.5251633836670602,0.7090462617224327,0.10687692309474384
20229.501487162543,20418.083427945046,20190.452889602933,8784.806275174884,0.0,0.0,0.0,0.0,0.0,0.0,0.0,0.0,0.0,0.0,0.0,0.0,0.0,0.0,0.0,0.0,0.0,0.0,0.0,0.0,0.0,0.0,0.0,0.0,0.0,0.0,0.0,0.0,0.0,0.0,0.0,0.0,0.0,0.0,0.0,0.0,0.0,0.0,0.0,0.0,0.0,0.0,0.0,0.0,0.0,0.0,0.0,0.0,0.0,1.0,1.0,-0.7818314824680299,-0.7818314824680299,0.6234898018587334,0.6234898018587334,0.20129852008866006,0.20129852008866006,0.9795299412524945,0.9795299412524945,0.01716632975470737,0.01716632975470737,0.9998526477050269,0.9998526477050269,2023-01-01 00:20:00,20227.201355061454,0,6,1,1,0.0,0.5201635011119934,0.8521815003185401,0.5519068387744855,0.5609379715353863,0.876653602658345,0.8747016726841994,0.528937134027212,0.9390676985128962,0.7987832357736654,0.9979341105333375,0.5673122196289035,0.25656278370136376,0.9629268752375798
20206.087791467624,20270.728377871776,20061.59736841532,36543.61091566039,0.0,0.0,0.0,0.0,0.0,0.0,0.0,0.0,0.0,0.0,0.0,0.0,0.0,0.0,0.0,0.0,0.0,0.0,0.0,0.0,0.0,0.0,0.0,0.0,0.0,0.0,0.0,0.0,0.0,0.0,0.0,0.0,0.0,0.0,0.0,0.0,0.0,0.0,0.0,0.0,0.0,0.0,0.0,0.0,0.0,0.0,0.0,0.0,0.0,1.0,1.0,-0.7818314824680299,-0.7818314824680299,0.6234898018587334,0.6234898018587334,0.20129852008866006,0.20129852008866006,0.9795299412524945,0.9795299412524945,0.01716632975470737,0.01716632975470737,0.9998526477050269,0.9998526477050269,2023-01-01 00:25:00,20204.051351351674,0,6,1,1,0.0,0.40348286621239704,0.13401522845064073,0.028782676313338973,0.755137255673619,0.6203095513534647,0.35071181545171015,0.7671882889311269,0.40193091360924216,0.47987562030390885,0.6275054632183701,0.4835456467199247,0.8059925497751581,0.5502265421562618
20364.009073018366,20467.76719736704,20307.854600530194,8274.335286388708,0.0,0.0,0.0,0.0,0.0,0.0,0.0,0.0,0.0,0.0,0.0,0.0,0.0,0.0,0.0,0.0,0.0,0.0,0.0,0.0,0.0,0.0,0.0,0.0,0.0,0.0,0.0,0.0,0.0,0.0,0.0,0.0,0.0,0.0,0.0,0.0,0.0,0.0,0.0,0.0,0.0,0.0,0.0,0.0,0.0,0.0,0.0,0.0,0.0,1.0,1.0,-0.7818314824680299,-0.7818314824680299,0.6234898018587334,0.6234898018587334,0.20129852008866006,0.20129852008866006,0.9795299412524945,0.9795299412524945,0.01716632975470737,0.01716632975470737,0.9998526477050269,0.9998526477050269,2023-01-01 00:30:00,20321.236043817815,0,6,1,1,0.0,0.7040797680992236,0.21296416150891073,0.13637147558676976,0.014544665667881929,0.350587558806597,0.8736771141863388,0.9840834691992951,0.7682734138645182,0.41776678216733376,0.4213570022770702,0.043412532854819164,0.6331513755940223,0.951403342206657
20440.752545933654,20581.35633771269,20435.889352647362,41983.70266806603,0.0,0.0,0.0,0.0,0.0,0.0,0.0,0.0,0.0,0.0,0.0,0.0,0.0,0.0,0.0,0.0,0.0,0.0,0.0,0.0,0.0,0.0,0.0,0.0,0.0,0.0,0.0,0.0,0.0,0.0,0.0,0.0,0.0,0.0,0.0,0.0,0.0,0.0,0.0,0.0,0.0,0.0,0.0,0.0,0.0,0.0,0.0,0.0,0.0,1.0,1.0,-0.7818314824680299,-0.7818314824680299,0.6234898018587334,0.6234898018587334,0.20129852008866006,0.20129852008866006,0.9795299412524945,0.9795299412524945,0.01716632975470737,0.01716632975470737,0.9998526477050269,0.9998526477050269,2023-01-01 00:35:00,20405.569652964652,0,6,1,1,0.0,0.5899176868546331,0.3922440450997323,0.43747492202372906,0.9041586944937484,0.34825546702330035,0.7375823015888915,0.23877714576830233,0.11047411313139466,0.35462215764077654,0.28723899165408173,0.6016118201463312,0.8191888594267902,0.8842064633484078
20393.80510734016,20466.531027816018,20264.710648158725,36780.900222042335,0.0,0.0,0.0,0.0,0.0,0.0,0.0,0.0,0.0,0.0,0.0,0.0,0.0,0.0,0.0,0.0,0.0,0.0,0.0,0.0,0.0,0.0,0.0,0.0,0.0,0.0,0.0,0.0,0.0,0.0,0.0,0.0,0.0,0.0,0.0,0.0,0.0,0.0,0.0,0.0,0.0,0.0,0.0,0.0,0.0,0.0,0.0,0.0,0.0,1.0,1.0,-0.7818314824680299,-0.7818314824680299,0.6234898018587334,0.6234898018587334,0.20129852008866006,0.20129852008866006,0.9795299412524945,0.9795299412524945,0.01716632975470737,0.01716632975470737,0.9998526477050269,0.9998526477050269,2023-01-01 00:40:00,20370.096415885793,0,6,1,1,0.0,0.5139894891598108,0.7836530127411431,0.39654278232127016,0.6220867002278735,0.8623637087467452,0.2963081204559901,0.23360775104990994,0.04209318963636188,0.01787393473341381,0.9877223897360315,0.22807977194893247,0.21204483990822665,0.6109809888509917
20448.061111698757,20642.41752824295,20412.638975817346,8660.695128885489,0.0,0.0,0.0,0.0,0.0,0.0,0.0,0.0,0.0,0.0,0.0,0.0,0.0,0.0,0.0,0.0,0.0,0.0,0.0,0.0,0.0,0.0,0.0,0.0,0.0,0.0,0.0,0.0,0.0,0.0,0.0,0.0,0.0,0.0,0.0,0.0,0.0,0.0,0.0,0.0,0.0,0.0,0.0,0.0,0.0,0.0,0.0,0.0,0.0,1.0,1.0,-0.7818314824680299,-0.7818314824680299,0.6234898018587334,0.6234898018587334,0.20129852008866006,0.20129852008866006,0.9795299412524945,0.9795299412524945,0.01716632975470737,0.01716632975470737,0.9998526477050269,0.9998526477050269,2023-01-01 00:45:00,20443.169403666205,0,6,1,1,0.0,0.9495206236576421,0.14707348092903794,0.9265876251614944,0.4921162930795382,0.25824438829895835,0.42777313373586234,0.3843266471596817,0.6796472826930698,0.21825388786506417,0.9499611839502253,0.4110284698067047,0.8398613028667203,0.9000231233980112
20401.71934241751,20594.20880140593,20213.627625546927,8817.697133833637,0.0,0.0,0.0,0.0,0.0,0.0,0.0,0.0,0.0,0.0,0.0,0.0,0.0,0.0,0.0,0.0,0.0,0.0,0.0,0.0,0.0,0.0,0.0,0.0,0.0,0.0,0.0,0.0,0.0,0.0,0.0,0.0,0.0,0.0,0.0,0.0,0.0,0.0,0.0,0.0,0.0,0.0,0.0,0.0,0.0,0.0,0.0,0.0,0.0,1.0,1.0,-0.7818314824680299,-0.7818314824680299,0.6234898018587334,0.6234898018587334,0.20129852008866006,0.20129852008866006,0.9795299412524945,0.9795299412524945,0.01716632975470737,0.01716632975470737,0.9998526477050269,0.9998526477050269,2023-01-01 00:50:00,20377.138548661667,0,6,1,1,0.0,0.4591357562382613,0.980032575285477,0.4926180939928696,0.3287516102875082,0.6334008543167258,0.786345014415552,0.08941100231225951,0.41758077578492836,0.8791183075621647,0.9447320222914103,0.3534213793027181,0.23687055897448206,0.7805255152438618
20355.146367060483,20405.502826225555,20164.360651659965,49398.7810325529,0.0,0.0,0.0,0.0,0.0,0.0,0.0,0.0,0.0,0.0,0.0,0.0,0.0,0.0,0.0,0.0,0.0,0.0,0.0,0.0,0.0,0.0,0.0,0.0,0.0,0.0,0.0,0.0,0.0,0.0,0.0,0.0,0.0,0.0,0.0,0.0,0.0,0.0,0.0,0.0,0.0,0.0,0.0,0.0,0.0,0.0,0.0,0.0,0.0,1.0,1.0,-0.7818314824680299,-0.7818314824680299,0.6234898018587334,0.6234898018587334,0.20129852008866006,0.20129852008866006,0.9795299412524945,0.9795299412524945,0.01716632975470737,0.01716632975470737,0.9998526477050269,0.9998526477050269,2023-01-01 00:55:00,20331.472778521453,0,6,1,1,0.0,0.24014561877819307,0.07586332810866392,0.12887972191064923,0.12804583895777244,0.15190269351229435,0.4674015112498697,0.6134113892107077,0.16703394609207523,0.9911686261369765,0.2316717013834434,0.2748060355481361,0.8226143185136784,0.42373825364876283
20379.342594217087,20478.792295395564,20196.369716172998,21842.185809025417,0.0,0.0,0.0,0.0,0.0,0.0,0.0,0.0,0.0,0.0,0.0,0.0,0.0,0.0,0.0,0.0,0.0,0.0,0.0,0.0,0.0,0.0,0.0,0.0,0.0,0.0,0.0,0.0,0.0,0.0,0.0,0.0,0.0,0.0,0.0,0.0,0.0,0.0,0.0,0.0,0.0,0.0,0.0,0.0,0.0,0.0,0.0,0.25881904510252074,0.25881904510252074,0.9659258262890683,0.9659258262890683,-0.7818314824680299,-0.7818314824680299,0.6234898018587334,0.6234898018587334,0.20129852008866006,0.20129852008866006,0.9795299412524945,0.9795299412524945,0.01716632975470737,0.01716632975470737,0.9998526477050269,0.9998526477050269,2023-01-01 01:00:00,20370.682500721585,1,6,1,1,0.0,0.13882717264941014,0.6408747448032146,0.18188008439914483,0.3456672833238632,0.8967884099060118,0.9427317741351257,0.6496466489923685,0.6077367948788591,0.5126885110165086,0.2306698117177587,0.6675498992914705,0.09553531383466818,0.623859324676573
20188.014569751307,20248.19023171466,20113.982829700217,21678.896618010094,0.0,0.0,0.0,0.0,0.0,0.0,0.0,0.0,0.0,0.0,0.0,0.0,0.0,0.0,0.0,0.0,0.0,0.0,0.0,0.0,0.0,0.0,0.0,0.0,0.0,0.0,0.0,0.0,0.0,0.0,0.0,0.0,0.0,0.0,0.0,0.0,0.0,0.0,0.0,0.0,0.0,0.0,0.0,0.0,0.0,0.0,0.0,0.25881904510252074,0.25881904510252074,0.9659258262890683,0.9659258262890683,-0.7818314824680299,-0.7818314824680299,0.6234898018587334,0.6234898018587334,0.20129852008866006,0.20129852008866006,0.9795299412524945,0.9795299412524945,0.01716632975470737,0.01716632975470737,0.9998526477050269,0.9998526477050269,2023-01-01 01:05:00,20166.321987289408,1,6,1,1,0.0,0.47396164026287235,0.6675577385210272,0.17231987120162984,0.19228901880867078,0.04086861626647886,0.17652803200550826,0.22048620907017535,0.18643826214425452,0.7795844735667533,0.3501252591667301,0.4517676787372291,0.5866084631754741,0.16801420774486342
20015.522786500005,20072.490885375497,20012.431463194232,41575.98052658761,0.0,0.0,0.0,0.0,0.0,0.0,0.0,0.0,0.0,0.0,0.0,0.0,0.0,0.0,0.0,0.0,0.0,0.0,0.0,0.0,0.0,0.0,0.0,0.0,0.0,0.0,0.0,0.0,0.0,0.0,0.0,0.0,0.0,0.0,0.0,0.0,0.0,0.0,0.0,0.0,0.0,0.0,0.0,0.0,0.0,0.0,0.0,0.25881904510252074,0.25881904510252074,0.9659258262890683,0.9659258262890683,-0.7818314824680299,-0.7818314824680299,0.6234898018587334,0.6234898018587334,0.20129852008866006,0.20129852008866006,0.9795299412524945,0.9795299412524945,0.01716632975470737,0.01716632975470737,0.9998526477050269,0.9998526477050269,2023-01-01 01:10:00,19995.597549780137,1,6,1,1,0.0,0.16893506307216455,0.2785903390319586,0.17701048427674682,0.08870253375705561,0.12063587110060081,0.05784267656339637,0.9691026301408113,0.8837858849634257,0.927752283195213,0.9949078226464353,0.7368737449441821,0.8627970775432285,0.21673980009077565
19959.29403357591,19966.671423046813,19773.630321058365,47626.18598227364,0.0,0.0,0.0,0.0,0.0,0.0,0.0,0.0,0.0,0.0,0.0,0.0,0.0,0.0,0.0,0.0,0.0,0.0,0.0,0.0,0.0,0.0,0.0,0.0,0.0,0.0,0.0,0.0,0.0,0.0,0.0,0.0,0.0,0.0,0.0,0.0,0.0,0.0,0.0,0.0,0.0,0.0,0.0,0.0,0.0,0.0,0.0,0.25881904510252074,0.25881904510252074,0.9659258262890683,0.9659258262890683,-0.7818314824680299,-0.7818314824680299,0.6234898018587334,0.6234898018587334,0.20129852008866006,0.20129852008866006,0.9795299412524945,0.9795299412524945,0.01716632975470737,0.01716632975470737,0.9998526477050269,0.9998526477050269,2023-01-01 01:15:00,19928.501528673296,1,6,1,1,0.0,0.46077876803272577,0.2063337184057925,0.36426986104807546,0.5034172708548569,0.6903948286293653,0.1738952492194873,0.39624201890265875,0.7582384757040913,0.6960206180537922,0.15389590633985506,0.09571455552016173,0.023638586046336396,0.641971500443266
19858.010921542464,19979.92378833844,19772.374091879,49370.04787202919,0.0,0.0,0.0,0.0,0.0,0.0,0.0,0.0,0.0,0.0,0.0,0.0,0.0,0.0,0.0,0.0,0.0,0.0,0.0,0.0,0.0,0.0,0.0,0.0,0.0,0.0,0.0,0.0,0.0,0.0,0.0,0.0,0.0,0.0,0.0,0.0,0.0,0.0,0.0,0.0,0.0,0.0,0.0,0.0,0.0,0.0,0.0,0.25881904510252074,0.25881904510252074,0.9659258262890683,0.9659258262890683,-0.7818314824680299,-0.7818314824680299,0.6234898018587334,0.6234898018587334,0.20129852008866006,0.20129852008866006,0.9795299412524945,0.9795299412524945,0.01716632975470737,0.01716632975470737,0.9998526477050269,0.9998526477050269,2023-01-01 01:20:00,19826.25623899908,1,6,1,1,0.0,0.039312139841098936,0.7994103989090426,0.6279003894909078,0.08175903194887191,0.8735786241067772,0.8158331249906178,0.22444057183666066,0.22381761482262308,0.5369744228934136,0.5929399348417032,0.6070940360887808,0.54669741271407,0.23194709611597542
19889.435654801993,19989.971459447766,19696.10469099326,38902.01833665238,0.0,0.0,0.0,0.0,0.0,0.0,0.0,0.0,0.0,0.0,0.0,0.0,0.0,0.0,0.0,0.0,0.0,0.0,0.0,0.0,0.0,0.0,0.0,0.0,0.0,0.0,0.0,0.0,0.0,0.0,0.0,0.0,0.0,0.0,0.0,0.0,0.0,0.0,0.0,0.0,0.0,0.0,0.0,0.0,0.0,0.0,0.0,0.25881904510252074,0.25881904510252074,0.9659258262890683,0.9659258262890683,-0.7818314824680299,-0.7818314824680299,0.6234898018587334,0.6234898018587334,0.20129852008866006,0.20129852008866006,0.9795299412524945,0.9795299412524945,0.01716632975470737,0.01716632975470737,0.9998526477050269,0.9998526477050269,2023-01-01 01:25:00,19887.17045431339,1,6,1,1,0.0,0.9208724005318132,0.06107795985486375,0.2768776481472037,0.8062012797930613,0.7482596903836584,0.5800862078378112,0.09148683739775487,0.8774608626303804,0.26560004258870606,0.12951492128280417,0.39090599590551467,0.594476335186173,0.4967668588591694
19798.633247249873,19808.928997499872,19605.90925183202,21931.681348891212,0.0,0.0,0.0,0.0,0.0,0.0,0.0,0.0,0.0,0.0,0.0,0.0,0.0,0.0,0.0,0.0,0.0,0.0,0.0,0.0,0.0,0.0,0.0,0.0,0.0,0.0,0.0,0.0,0.0,0.0,0.0,0.0,0.0,0.0,0.0,0.0,0.0,0.0,0.0,0.0,0.0,0.0,0.0,0.0,0.0,0.0,0.0,0.25881904510252074,0.25881904510252074,0.9659258262890683,0.9659258262890683,-0.7818314824680299,-0.7818314824680299,0.6234898018587334,0.6234898018587334,0.20129852008866006,0.20129852008866006,0.9795299412524945,0.9795299412524945,0.01716632975470737,0.01716632975470737,0.9998526477050269,0.9998526477050269,2023-01-01 01:30:00,19779.90261651855,1,6,1,1,0.0,0.18452101935637732,0.2093493233367103,0.370472102791382,0.4845229851910213,0.618254771530296,0.8887480798689772,0.9556514982297534,0.8621276172654506,0.8095160747248781,0.6552419806390217,0.9877855202148873,0.13643975255673313,0.6951445540475938
19657.402877116343,19713.132169963665,19486.80098602287,8757.532251440094,0.0,0.0,0.0,0.0,0.0,0.0,0.0,0.0,0.0,0.0,0.0,0.0,0.0,0.0,0.0,0.0,0.0,0.0,0.0,0.0,0.0,0.0,0.0,0.0,0.0,0.0,0.0,0.0,0.0,0.0,0.0,0.0,0.0,0.0,0.0,0.0,0.0,0.0,0.0,0.0,0.0,0.0,0.0,0.0,0.0,0.0,0.0,0.25881904510252074,0.25881904510252074,0.9659258262890683,0.9659258262890683,-0.7818314824680299,-0.7818314824680299,0.6234898018587334,0.6234898018587334,0.20129852008866006,0.20129852008866006,0.9795299412524945,0.9795299412524945,0.01716632975470737,0.01716632975470737,0.9998526477050269,0.9998526477050269,2023-01-01 01:35:00,19626.10988133063,1,6,1,1,0.0,0.3689136395697724,0.4625347161331479,0.7474709381337565,0.0366832028905979,0.25243694434402075,0.5508573706091393,0.08698675991141014,0.4084532130706987,0.372688517012314,0.2597537837603262,0.4043187681042921,0.42819961492561476,0.7175977656581762
19803.967754008496,19985.620931201825,19745.07797559458,39971.61121673466,0.0,0.0,0.0,0.0,0.0,0.0,0.0,0.0,0.0,0.0,0.0,0.0,0.0,0.0,0.0,0.0,0.0,0.0,0.0,0.0,0.0,0.0,0.0,0.0,0.0,0.0,0.0,0.0,0.0,0.0,0.0,0.0,0.0,0.0,0.0,0.0,0.0,0.0,0.0,0.0,0.0,0.0,0.0,0.0,0.0,0.0,0.0,0.25881904510252074,0.25881904510252074,0.9659258262890683,0.9659258262890683,-0.7818314824680299,-0.7818314824680299,0.6234898018587334,0.6234898018587334,0.20129852008866006,0.20129852008866006,0.9795299412524945,0.9795299412524945,0.01716632975470737,0.01716632975470737,0.9998526477050269,0.9998526477050269,2023-01-01 01:40:00,19778.810941079493,1,6,1,1,0.0,0.7133495858845524,0.8952068376871993,0.5116774421156661,0.5321134852653157,0.10717201133977605,0.7234201136885849,0.4958757350787708,0.08104621590764793,0.22018320194981134,0.6832587636595959,0.6924361513243696,0.9912559937021883,0.12839428945412523
19781.390123959845,19829.30250209324,19704.37057823946,30128.191238111227,0.0,0.0,0.0,0.0,0.0,0.0,0.0,0.0,0.0,0.0,0.0,0.0,0.0,0.0,0.0,0.0,0.0,0.0,0.0,0.0,0.0,0.0,0.0,0.0,0.0,0.0,0.0,0.0,0.0,0.0,0.0,0.0,0.0,0.0,0.0,0.0,0.0,0.0,0.0,0.0,0.0,0.0,0.0,0.0,0.0,0.0,0.0,0.25881904510252074,0.25881904510252074,0.9659258262890683,0.9659258262890683,-0.7818314824680299,-0.7818314824680299,0.6234898018587334,0.6234898018587334,0.20129852008866006,0.20129852008866006,0.9795299412524945,0.9795299412524945,0.01716632975470737,0.01716632975470737,0.9998526477050269,0.9998526477050269,2023-01-01 01:45:00,19738.56563190043,1,6,1,1,0.0,0.44741236682345464,0.5326172664550232,0.24247050363472966,0.26924323094938096,0.37728416310462265,0.07613085949030018,0.8512069140487687,0.4951465270139743,0.480586577326648,0.5924077846595176,0.10410964938416634,0.7243388171287412,0.5783869170064091
19788.142944428637,19817.121918846882,19617.915610125267,24089.99041611393,0.0,0.0,0.0,0.0,0.0,0.0,0.0,0.0,0.0,0.0,0.0,0.0,0.0,0.0,0.0,0.0,0.0,0.0,0.0,0.0,0.0,0.0,0.0,0.0,0.0,0.0,0.0,0.0,0.0,0.0,0.0,0.0,0.0,0.0,0.0,0.0,0.0,0.0,0.0,0.0,0.0,0.0,0.0,0.0,0.0,0.0,0.0,0.25881904510252074,0.25881904510252074,0.9659258262890683,0.9659258262890683,-0.7818314824680299,-0.7818314824680299,0.6234898018587334,0.6234898018587334,0.20129852008866006,0.20129852008866006,0.9795299412524945,0.9795299412524945,0.01716632975470737,0.01716632975470737,0.9998526477050269,0.9998526477050269,2023-01-01 01:50:00,19755.20826284769,1,6,1,1,0.0,0.02007119777772637,0.3220791655831783,0.21144800699654465,0.32749735217791465,0.11976213181925122,0.8246809659251492,0.34780920790219305,0.6780161525590636,0.5657319639957911,0.2670282701694213,0.27416066655980587,0.0794193689889866,0.08565824959643054
19645.66812580729,19743.558677862802,19582.283724776033,45785.947329263116,0.0,0.0,0.0,0.0,0.0,0.0,0.0,0.0,0.0,0.0,0.0,0.0,0.0,0.0,0.0,0.0,0.0,0.0,0.0,0.0,0.0,0.0,0.0,0.0,0.0,0.0,0.0,0.0,0.0,0.0,0.0,0.0,0.0,0.0,0.0,0.0,0.0,0.0,0.0,0.0,0.0,0.0,0.0,0.0,0.0,0.0,0.0,0.25881904510252074,0.25881904510252074,0.9659258262890683,0.9659258262890683,-0.7818314824680299,-0.7818314824680299,0.6234898018587334,0.6234898018587334,0.20129852008866006,0.20129852008866006,0.9795299412524945,0.9795299412524945,0.01716632975470737,0.01716632975470737,0.9998526477050269,0.9998526477050269,2023-01-01 01:55:00,19637.52140445322,1,6,1,1,0.0,0.890527280739895,0.5935924535540487,0.6791023191444896,0.7891712386073383,0.4984421989290573,0.878629986355158,0.7974260216069281,0.6584518346584255,0.8505817290942419,0.8672942009598024,0.8941908746641183,0.1918673247187429,0.32337156211552076
19591.229853354773,19788.359944176893,19557.331304017553,10003.88670377681,0.0,0.0,0.0,0.0,0.0,0.0,0.0,0.0,0.0,0.0,0.0,0.0,0.0,0.0,0.0,0.0,0.0,0.0,0.0,0.0,0.0,0.0,0.0,0.0,0.0,0.0,0.0,0.0,0.0,0.0,0.0,0.0,0.0,0.0,0.0,0.0,0.0,0.0,0.0,0.0,0.0,0.0,0.0,0.0,0.0,0.0,0.0,0.49999999999999994,0.49999999999999994,0.8660254037844387,0.8660254037844387,-0.7818314824680299,-0.7818314824680299,0.6234898018587334,0.6234898018587334,0.20129852008866006,0.20129852008866006,0.9795299412524945,0.9795299412524945,0.01716632975470737,0.01716632975470737,0.9998526477050269,0.9998526477050269,2023-01-01 02:00:00,19587.701415984753,2,6,1,1,0.0,0.08692028808742369,0.5371065418185478,0.5868411180208791,0.74543947418433,0.4316595462296794,0.7083629767150348,0.837013328363672,0.6974714616692836,0.6801407717603004,0.6186113782151843,0.22665640222698802,0.3549963058319373,0.06942384274609337
19602.32211232576,19650.733166628062,19490.96185983409,27168.129693088664,0.0,0.0,0.0,0.0,0.0,0.0,0.0,0.0,0.0,0.0,0.0,0.0,0.0,0.0,0.0,0.0,0.0,0.0,0.0,0.0,0.0,0.0,0.0,0.0,0.0,0.0,0.0,0.0,0.0,0.0,0.0,0.0,0.0,0.0,0.0,0.0,0.0,0.0,0.0,0.0,0.0,0.0,0.0,0.0,0.0,0.0,0.0,0.49999999999999994,0.49999999999999994,0.8660254037844387,0.8660254037844387,-0.7818314824680299,-0.7818314824680299,0.6234898018587334,0.6234898018587334,0.20129852008866006,0.20129852008866006,0.9795299412524945,0.9795299412524945,0.01716632975470737,0.01716632975470737,0.9998526477050269,0.9998526477050269,2023-01-01 02:05:00,19570.201148415446,2,6,1,1,0.0,0.12758030279556376,0.28377590579872447,0.3630822963986351,0.6459172413316012,0.5707783046689119,0.7527166395576412,0.1586051052930737,0.8808707591989284,0.871843527745232,0.029247283034559146,0.5190597909082704,0.0676125635922149,0.8003565078223616
19487.22275458353,19621.649864064708,19299.991799751373,5510.914014533858,0.0,0.0,0.0,0.0,0.0,0.0,0.0,0.0,0.0,0.0,0.0,0.0,0.0,0.0,0.0,0.0,0.0,0.0,0.0,0.0,0.0,0.0,0.0,0.0,0.0,0.0,0.0,0.0,0.0,0.0,0.0,0.0,0.0,0.0,0.0,0.0,0.0,0.0,0.0,0.0,0.0,0.0,0.0,0.0,0.0,0.0,0.0,0.49999999999999994,0.49999999999999994,0.8660254037844387,0.8660254037844387,-0.7818314824680299,-0.7818314824680299,0.6234898018587334,0.6234898018587334,0.20129852008866006,0.20129852008866006,0.9795299412524945,0.9795299412524945,0.01716632975470737,0.01716632975470737,0.9998526477050269,0.9998526477050269,2023-01-01 02:10:00,19485.89718905645,2,6,1,1,0.0,0.35609672589784624,0.9865152487929797,0.6057748193568872,0.23722679173599448,0.10178247262040374,0.8258167505647627,0.1288698674734452,0.3351188542591419,0.7435082562916078,0.1607598960483082,0.23371208191043302,0.5400119146045106,0.8800790875614583
19524.792556418095,19677.116479483837,19385.5865970831,26089.72888973568,0.0,0.0,0.0,0.0,0.0,0.0,0.0,0.0,0.0,0.0,0.0,0.0,0.0,0.0,0.0,0.0,0.0,0.0,0.0,0.0,0.0,0.0,0.0,0.0,0.0,0.0,0.0,0.0,0.0,0.0,0.0,0.0,0.0,0.0,0.0,0.0,0.0,0.0,0.0,0.0,0.0,0.0,0.0,0.0,0.0,0.0,0.0,0.49999999999999994,0.49999999999999994,0.8660254037844387,0.8660254037844387,-0.7818314824680299,-0.7818314824680299,0.6234898018587334,0.6234898018587334,0.20129852008866006,0.20129852008866006,0.9795299412524945,0.9795299412524945,0.01716632975470737,0.01716632975470737,0.9998526477050269,0.9998526477050269,2023-01-01 02:15:00,19495.50377735442,2,6,1,1,0.0,0.15285913918433203,0.24595772838450813,0.16068137325955567,0.18656702405130576,0.2850951686938471,0.8179670241190622,0.8321341779577419,0.5074677337608362,0.00638587171683358,0.2870381331749128,0.6508773690471942,0.5329577865513353,0.3243337531153756
19464.728687426214,19512.256196224695,19350.716453408342,7533.647405682681,0.0,0.0,0.0,0.0,0.0,0.0,0.0,0.0,0.0,0.0,0.0,0.0,0.0,0.0,0.0,0.0,0.0,0.0,0.0,0.0,0.0,0.0,0.0,0.0,0.0,0.0,0.0,0.0,0.0,0.0,0.0,0.0,0.0,0.0,0.0,0.0,0.0,0.0,0.0,0.0,0.0,0.0,0.0,0.0,0.0,0.0,0.0,0.49999999999999994,0.49999999999999994,0.8660254037844387,0.8660254037844387,-0.7818314824680299,-0.7818314824680299,0.6234898018587334,0.6234898018587334,0.20129852008866006,0.20129852008866006,0.9795299412524945,0.9795299412524945,0.01716632975470737,0.01716632975470737,0.9998526477050269,0.9998526477050269,2023-01-01 02:20:00,19417.717175354966,2,6,1,1,0.0,0.17337359529475482,0.8967654246264252,0.08023374566164221,0.5245113895702547,0.4103968269896615,0.6169269183757422,0.9811861780274235,0.6318135270166684,0.2598035810641598,0.6340057030996114,0.33300191305819793,0.6694869551981901,0.9941393612211675
19435.559312446887,19581.20258216926,19416.124013692734,10346.806232063236,0.0,0.0,0.0,0.0,0.0,0.0,0.0,0.0,0.0,0.0,0.0,0.0,0.0,0.0,0.0,0.0,0.0,0.0,0.0,0.0,0.0,0.0,0.0,0.0,0.0,0.0,0.0,0.0,0.0,0.0,0.0,0.0,0.0,0.0,0.0,0.0,0.0,0.0,0.0,0.0,0.0,0.0,0.0,0.0,0.0,0.0,0.0,0.49999999999999994,0.49999999999999994,0.8660254037844387,0.8660254037844387,-0.7818314824680299,-0.7818314824680299,0.6234898018587334,0.6234898018587334,0.20129852008866006,0.20129852008866006,0.9795299412524945,0.9795299412524945,0.01716632975470737,0.01716632975470737,0.9998526477050269,0.9998526477050269,2023-01-01 02:25:00,19406.785603553093,2,6,1,1,0.0,0.9823786169086064,0.11203890216805235,0.39785559904574164,0.9694704332753689,0.8655071258939803,0.5399853797158555,0.7798453951511436,0.10698063882695841,0.761027902502028,0.5412665786761103,0.6618391898493786,0.5577834173700249,0.7306505102392461
19375.388651223948,19448.945277767798,19252.387205884115,10288.681104969719,0.0,0.0,0.0,0.0,0.0,0.0,0.0,0.0,0.0,0.0,0.0,0.0,0.0,0.0,0.0,0.0,0.0,0.0,0.0,0.0,0.0,0.0,0.0,0.0,0.0,0.0,0.0,0.0,0.0,0.0,0.0,0.0,0.0,0.0,0.0,0.0,0.0,0.0,0.0,0.0,0.0,0.0,0.0,0.0,0.0,0.0,0.0,0.49999999999999994,0.49999999999999994,0.8660254037844387,0.8660254037844387,-0.7818314824680299,-0.7818314824680299,0.6234898018587334,0.6234898018587334,0.20129852008866006,0.20129852008866006,0.9795299412524945,0.9795299412524945,0.01716632975470737,0.01716632975470737,0.9998526477050269,0.9998526477050269,2023-01-01 02:30:00,19355.98015491362,2,6,1,1,0.0,0.8170720709492799,0.25790282704493983,0.17088758739006582,0.668643219924431,0.9293759891275858,0.9629920038589946,0.3418721660386861,0.6326218931339481,0.9320281055100175,0.10250972799067926,0.46520561228371815,0.060142342600785215,0.5622968158779098
19560.616469674842,19687.077635793557,19362.60569965399,34214.46359522286,0.0,0.0,0.0,0.0,0.0,0.0,0.0,0.0,0.0,0.0,0.0,0.0,0.0,0.0,0.0,0.0,0.0,0.0,0.0,0.0,0.0,0.0,0.0,0.0,0.0,0.0,0.0,0.0,0.0,0.0,0.0,0.0,0.0,0.0,0.0,0.0,0.0,0.0,0.0,0.0,0.0,0.0,0.0,0.0,0.0,0.0,0.0,0.49999999999999994,0.49999999999999994,0.8660254037844387,0.8660254037844387,-0.7818314824680299,-0.7818314824680299,0.6234898018587334,0.6234898018587334,0.20129852008866006,0.20129852008866006,0.9795299412524945,0.9795299412524945,0.01716632975470737,0.01716632975470737,0.9998526477050269,0.9998526477050269,2023-01-01 02:35:00,19528.452058752726,2,6,1,1,0.0,0.5567628930139298,0.5716126894698998,0.2799790936602842,0.7694929331919369,0.18704374855752337,0.9372284872364511,0.6878857223008134,0.0678370591051719,0.30096356694681625,0.7081720886452816,0.9576252845053802,0.17530294235765964,0.6900048908206657
19559.266747201047,19685.972689353224,19531.249944153744,38572.01956694405,0.0,0.0,0.0,0.0,0.0,0.0,0.0,0.0,0.0,0.0,0.0,0.0,0.0,0.0,0.0,0.0,0.0,0.0,0.0,0.0,0.0,0.0,0.0,0.0,0.0,0.0,0.0,0.0,0.0,0.0,0.0,0.0,0.0,0.0,0.0,0.0,0.0,0.0,0.0,0.0,0.0,0.0,0.0,0.0,0.0,0.0,0.0,0.49999999999999994,0.49999999999999994,0.8660254037844387,0.8660254037844387,-0.7818314824680299,-0.7818314824680299,0.6234898018587334,0.6234898018587334,0.20129852008866006,0.20129852008866006,0.9795299412524945,0.9795299412524945,0.01716632975470737,0.01716632975470737,0.9998526477050269,0.9998526477050269,2023-01-01 02:40:00,19536.354102676472,2,6,1,1,0.0,0.3236792364042437,0.4254364386164168,0.507610378684455,0.24240973241508024,0.11483682473920354,0.0673506014687717,0.5821704601762733,0.34588305695295674,0.6209155177674771,0.04574203381251285,0.20093368865905648,0.5358276844730813,0.09667644964671962
19453.495654305458,19560.650591120408,19349.82972383271,31251.594429372184,0.0,0.0,0.0,0.0,0.0,0.0,0.0,0.0,0.0,0.0,0.0,0.0,0.0,0.0,0.0,0.0,0.0,0.0,0.0,0.0,0.0,0.0,0.0,0.0,0.0,0.0,0.0,0.0,0.0,0.0,0.0,0.0,0.0,0.0,0.0,0.0,0.0,0.0,0.0,0.0,0.0,0.0,0.0,0.0,0.0,0.0,0.0,0.49999999999999994,0.49999999999999994,0.8660254037844387,0.8660254037844387,-0.7818314824680299,-0.7818314824680299,0.6234898018587334,0.6234898018587334,0.20129852008866006,0.20129852008866006,0.9795299412524945,0.9795299412524945,0.01716632975470737,0.01716632975470737,0.9998526477050269,0.9998526477050269,2023-01-01 02:45:00,19426.214814839663,2,6,1,1,0.0,0.6106200424416326,0.28863055324025577,0.5812382214226123,0.1543627152742023,0.4811401018548175,0.8715368061523763,0.9734889691773969,0.9688778552856915,0.7496518317429247,0.13008624013063197,0.45037093625818514,0.7561633288952461,0.3475715242389821
19535.750145515776,19553.808099526657,19360.275531130184,48297.76468135439,0.0,0.0,0.0,0.0,0.0,0.0,0.0,0.0,0.0,0.0,0.0,0.0,0.0,0.0,0.0,0.0,0.0,0.0,0.0,0.0,0.0,0.0,0.0,0.0,0.0,0.0,0.0,0.0,0.0,0.0,0.0,0.0,0.0,0.0,0.0,0.0,0.0,0.0,0.0,0.0,0.0,0.0,0.0,0.0,0.0,0.0,0.0,0.49999999999999994,0.49999999999999994,0.8660254037844387,0.8660254037844387,-0.7818314824680299,-0.7818314824680299,0.6234898018587334,0.6234898018587334,0.20129852008866006,0.20129852008866006,0.9795299412524945,0.9795299412524945,0.01716632975470737,0.01716632975470737,0.9998526477050269,0.9998526477050269,2023-01-01 02:50:00,19488.67690507695,2,6,1,1,0.0,0.5325894325515859,0.05182353682242691,0.3366042781939206,0.13441467693897424,0.06337497047276774,0.7582631959290226,0.02458691645880151,0.022123551528997254,0.32361021914954125,0.48864319040466575,0.664911724487218,0.7954499607897292,0.9271778194794527
19413.665780518677,19580.726279636525,19265.512056967837,21869.17607856668,0.0,0.0,0.0,0.0,0.0,0.0,0.0,0.0,0.0,0.0,0.0,0.0,0.0,0.0,0.0,0.0,0.0,0.0,0.0,0.0,0.0,0.0,0.0,0.0,0.0,0.0,0.0,0.0,0.0,0.0,0.0,0.0,0.0,0.0,0.0,0.0,0.0,0.0,0.0,0.0,0.0,0.0,0.0,0.0,0.0,0.0,0.0,0.49999999999999994,0.49999999999999994,0.8660254037844387,0.8660254037844387,-0.7818314824680299,-0.7818314824680299,0.6234898018587334,0.6234898018587334,0.20129852008866006,0.20129852008866006,0.9795299412524945,0.9795299412524945,0.01716632975470737,0.01716632975470737,0.9998526477050269,0.9998526477050269,2023-01-01 02:55:00,19394.360648628637,2,6,1,1,0.0,0.9899602323899452,0.32235384497472297,0.8098744458546349,0.25464065476376385,0.6815027222239293,0.7704074178077932,0.6832953766065052,0.44590270637674834,0.2736266662816659,0.9971245001577111,0.23464208185545354,0.39931591580930814,0.15241601333041743
19434.55214001915,19498.708153013496,19295.148991820097,17857.043882683734,0.0,0.0,0.0,0.0,0.0,0.0,0.0,0.0,0.0,0.0,0.0,0.0,0.0,0.0,0.0,0.0,0.0,0.0,0.0,0.0,0.0,0.0,0.0,0.0,0.0,0.0,0.0,0.0,0.0,0.0,0.0,0.0,0.0,0.0,0.0,0.0,0.0,0.0,0.0,0.0,0.0,0.0,0.0,0.0,0.0,0.0,0.0,0.7071067811865476,0.7071067811865476,0.7071067811865476,0.7071067811865476,-0.7818314824680299,-0.7818314824680299,0.6234898018587334,0.6234898018587334,0.20129852008866006,0.20129852008866006,0.9795299412524945,0.9795299412524945,0.01716632975470737,0.01716632975470737,0.9998526477050269,0.9998526477050269,2023-01-01 03:00:00,19386.492611827955,3,6,1,1,0.0,0.7602278598896866,0.5956387406078443,0.47157618855015837,0.41184091414726853,0.3488682665429953,0.42618130223597295,0.4513870243296755,0.16362382119166918,0.7948095487499294,0.6936822257814886,0.9924835021583752,0.9270009679242953,0.5399571302805596
19238.585127631173,19275.888829711144,19098.08831083375,44086.960768525714,0.0,0.0,0.0,0.0,0.0,0.0,0.0,0.0,0.0,0.0,0.0,0.0,0.0,0.0,0.0,0.0,0.0,0.0,0.0,0.0,0.0,0.0,0.0,0.0,0.0,0.0,0.0,0.0,0.0,0.0,0.0,0.0,0.0,0.0,0.0,0.0,0.0,0.0,0.0,0.0,0.0,0.0,0.0,0.0,0.0,0.0,0.0,0.7071067811865476,0.7071067811865476,0.7071067811865476,0.7071067811865476,-0.7818314824680299,-0.7818314824680299,0.6234898018587334,0.6234898018587334,0.20129852008866006,0.20129852008866006,0.9795299412524945,0.9795299412524945,0.01716632975470737,0.01716632975470737,0.9998526477050269,0.9998526477050269,2023-01-01 03:05:00,19193.31759553337,3,6,1,1,0.0,0.9295291442478258,0.8306194077877291,0.9650269106665126,0.12429722348554473,0.7308674752036443,0.2207696127887604,0.0823810456158427,0.6804993020747131,0.6545112142811352,0.2732595269982093,0.8420332943764213,0.5209579772720422,0.6235856880027597
19105.76652274133,19113.921551052284,19033.86829249738,15061.81273337537,0.0,0.0,0.0,0.0,0.0,0.0,0.0,0.0,0.0,0.0,0.0,0.0,0.0,0.0,0.0,0.0,0.0,0.0,0.0,0.0,0.0,0.0,0.0,0.0,0.0,0.0,0.0,0.0,0.0,0.0,0.0,0.0,0.0,0.0,0.0,0.0,0.0,0.0,0.0,0.0,0.0,0.0,0.0,0.0,0.0,0.0,0.0,0.7071067811865476,0.7071067811865476,0.7071067811865476,0.7071067811865476,-0.7818314824680299,-0.7818314824680299,0.6234898018587334,0.6234898018587334,0.20129852008866006,0.20129852008866006,0.9795299412524945,0.9795299412524945,0.01716632975470737,0.01716632975470737,0.9998526477050269,0.9998526477050269,2023-01-01 03:10:00,19095.976966001865,3,6,1,1,0.0,0.9383404568210378,0.18123306616566015,0.0664962673667775,0.741120649290059,0.5744731131799119,0.9508635622504104,0.15105789178090023,0.4323348010426019,0.9436159201675989,0.4197273169261223,0.08912443211601662,0.7552704204968079,0.12771348363523483
19125.452646328242,19243.63123496589,19066.73427747534,48345.0142748275,0.0,0.0,0.0,0.0,0.0,0.0,0.0,0.0,0.0,0.0,0.0,0.0,0.0,0.0,0.0,0.0,0.0,0.0,0.0,0.0,0.0,0.0,0.0,0.0,0.0,0.0,0.0,0.0,0.0,0.0,0.0,0.0,0.0,0.0,0.0,0.0,0.0,0.0,0.0,0.0,0.0,0.0,0.0,0.0,0.0,0.0,0.0,0.7071067811865476,0.7071067811865476,0.7071067811865476,0.7071067811865476,-0.7818314824680299,-0.7818314824680299,0.6234898018587334,0.6234898018587334,0.20129852008866006,0.20129852008866006,0.9795299412524945,0.9795299412524945,0.01716632975470737,0.01716632975470737,0.9998526477050269,0.9998526477050269,2023-01-01 03:15:00,19121.984581284483,3,6,1,1,0.0,0.8418287767582721,0.1397723766262895,0.7952673118598902,0.20162732004774453,0.1636559428657045,0.6385259476640855,0.3975943979627943,0.27421520234867003,0.9839776479598282,0.409334006315043,0.8260676302525284,0.7820280876703859,0.7087446977429764
19199.299304327782,19334.81217669624,19037.42707323208,5546.951361041735,0.0,0.0,0.0,0.0,0.0,0.0,0.0,0.0,0.0,0.0,0.0,0.0,0.0,0.0,0.0,0.0,0.0,0.0,0.0,0.0,0.0,0.0,0.0,0.0,0.0,0.0,0.0,0.0,0.0,0.0,0.0,0.0,0.0,0.0,0.0,0.0,0.0,0.0,0.0,0.0,0.0,0.0,0.0,0.0,0.0,0.0,0.0,0.7071067811865476,0.7071067811865476,0.7071067811865476,0.7071067811865476,-0.7818314824680299,-0.7818314824680299,0.6234898018587334,0.6234898018587334,0.20129852008866006,0.20129852008866006,0.9795299412524945,0.9795299412524945,0.01716632975470737,0.01716632975470737,0.9998526477050269,0.9998526477050269,2023-01-01 03:20:00,19194.260404258912,3,6,1,1,0.0,0.16426579793099294,0.8145747202313821,0.6651972206962001,0.5230654247691193,0.3588304841235025,0.8940992036791344,0.22995460589108618,0.2131047040250833,0.03113408288451136,0.651666825375885,0.036160380524762115,0.3031283559453286,0.26311256991084286
19216.43613244678,19219.75369823235,19054.413453510944,48644.54720184376,0.0,0.0,0.0,0.0,0.0,0.0,0.0,0.0,0.0,0.0,0.0,0.0,0.0,0.0,0.0,0.0,0.0,0.0,0.0,0.0,0.0,0.0,0.0,0.0,0.0,0.0,0.0,0.0,0.0,0.0,0.0,0.0,0.0,0.0,0.0,0.0,0.0,0.0,0.0,0.0,0.0,0.0,0.0,0.0,0.0,0.0,0.0,0.7071067811865476,0.7071067811865476,0.7071067811865476,0.7071067811865476,-0.7818314824680299,-0.7818314824680299,0.6234898018587334,0.6234898018587334,0.20129852008866006,0.20129852008866006,0.9795299412524945,0.9795299412524945,0.01716632975470737,0.01716632975470737,0.9998526477050269,0.9998526477050269,2023-01-01 03:25:00,19215.5250411642,3,6,1,1,0.0,0.8772005408131083,0.3924451074226354,0.8165994394715771,0.4391349085702184,0.3769444294249076,0.36852634372376114,0.864358249839637,0.47320990669155716,0.9681934279147217,0.18552551570312115,0.3601364074715191,0.08764274676383854,0.9369578230310628
19204.871304207958,19307.289915867816,19031.456840491937,6942.196037775925,0.0,0.0,0.0,0.0,0.0,0.0,0.0,0.0,0.0,0.0,0.0,0.0,0.0,0.0,0.0,0.0,0.0,0.0,0.0,0.0,0.0,0.0,0.0,0.0,0.0,0.0,0.0,0.0,0.0,0.0,0.0,0.0,0.0,0.0,0.0,0.0,0.0,0.0,0.0,0.0,0.0,0.0,0.0,0.0,0.0,0.0,0.0,0.7071067811865476,0.7071067811865476,0.7071067811865476,0.7071067811865476,-0.7818314824680299,-0.7818314824680299,0.6234898018587334,0.6234898018587334,0.20129852008866006,0.20129852008866006,0.9795299412524945,0.9795299412524945,0.01716632975470737,0.01716632975470737,0.9998526477050269,0.9998526477050269,2023-01-01 03:30:00,19200.149156170162,3,6,1,1,0.0,0.46267978566960644,0.3013778741641421,0.7476093801762511,0.5027203900924792,0.2322126951468173,0.8686231679556108,0.7765968527917417,0.770921844644052,0.8447832281168877,0.7610239909429989,0.5538022407123763,0.30552431065802355,0.3969815170742834
19174.760934649028,19220.060089688617,18992.112824137734,45101.4401164132,0.0,0.0,0.0,0.0,0.0,0.0,0.0,0.0,0.0,0.0,0.0,0.0,0.0,0.0,0.0,0.0,0.0,0.0,0.0,0.0,0.0,0.0,0.0,0.0,0.0,0.0,0.0,0.0,0.0,0.0,0.0,0.0,0.0,0.0,0.0,0.0,0.0,0.0,0.0,0.0,0.0,0.0,0.0,0.0,0.0,0.0,0.0,0.7071067811865476,0.7071067811865476,0.7071067811865476,0.7071067811865476,-0.7818314824680299,-0.7818314824680299,0.6234898018587334,0.6234898018587334,0.20129852008866006,0.20129852008866006,0.9795299412524945,0.9795299412524945,0.01716632975470737,0.01716632975470737,0.9998526477050269,0.9998526477050269,2023-01-01 03:35:00,19140.61059597821,3,6,1,1,0.0,0.8995745732745685,0.3838912213732114,0.5435528611139886,0.9064721109645469,0.6242379959139921,0.6262203216314154,0.13124487768238757,0.032526179491251916,0.9208478478156868,0.616650314520738,0.44720254050483565,0.6005943333606173,0.5156794276964978
19026.908735612284,19155.943293694174,18924.640255840095,28746.549908883495,0.0,0.0,0.0,0.0,0.0,0.0,0.0,0.0,0.0,0.0,0.0,0.0,0.0,0.0,0.0,0.0,0.0,0.0,0.0,0.0,0.0,0.0,0.0,0.0,0.0,0.0,0.0,0.0,0.0,0.0,0.0,0.0,0.0,0.0,0.0,0.0,0.0,0.0,0.0,0.0,0.0,0.0,0.0,0.0,0.0,0.0,0.0,0.7071067811865476,0.7071067811865476,0.7071067811865476,0.7071067811865476,-0.7818314824680299,-0.7818314824680299,0.6234898018587334,0.6234898018587334,0.20129852008866006,0.20129852008866006,0.9795299412524945,0.9795299412524945,0.01716632975470737,0.01716632975470737,0.9998526477050269,0.9998526477050269,2023-01-01 03:40:00,19023.349303189272,3,6,1,1,0.0,0.11689804070836407,0.9398321236134751,0.6277080530714179,0.3349056146570861,0.13927207266338726,0.7965372909761763,0.4815223515125501,0.11730818896239448,0.12518579220255044,0.6855652872289714,0.9193919732144173,0.49696348290583026,0.9921580148233127
18954.924314772816,18989.797600573813,18854.621055835374,49683.41582536852,0.0,0.0,0.0,0.0,0.0,0.0,0.0,0.0,0.0,0.0,0.0,0.0,0.0,0.0,0.0,0.0,0.0,0.0,0.0,0.0,0.0,0.0,0.0,0.0,0.0,0.0,0.0,0.0,0.0,0.0,0.0,0.0,0.0,0.0,0.0,0.0,0.0,0.0,0.0,0.0,0.0,0.0,0.0,0.0,0.0,0.0,0.0,0.7071067811865476,0.7071067811865476,0.7071067811865476,0.7071067811865476,-0.7818314824680299,-0.7818314824680299,0.6234898018587334,0.6234898018587334,0.20129852008866006,0.20129852008866006,0.9795299412524945,0.9795299412524945,0.01716632975470737,0.01716632975470737,0.9998526477050269,0.9998526477050269,2023-01-01 03:45:00,18938.975533258126,3,6,1,1,0.0,0.794025189270296,0.6200727559285135,0.5334610919763215,0.8938925830509576,0.7885972112245307,0.4303058948994627,0.20052472670033672,0.4915945467414369,0.06420893707513409,0.5819714019143988,0.8514249577450957,0.2085105143573358,0.9305952146439163
18908.860437676834,19047.047985297326,18749.201401883478,8320.84541309295,0.0,0.0,0.0,0.0,0.0,0.0,0.0,0.0,0.0,0.0,0.0,0.0,0.0,0.0,0.0,0.0,0.0,0.0,0.0,0.0,0.0,0.0,0.0,0.0,0.0,0.0,0.0,0.0,0.0,0.0,0.0,0.0,0.0,0.0,0.0,0.0,0.0,0.0,0.0,0.0,0.0,0.0,0.0,0.0,0.0,0.0,0.0,0.7071067811865476,0.7071067811865476,0.7071067811865476,0.7071067811865476,-0.7818314824680299,-0.7818314824680299,0.6234898018587334,0.6234898018587334,0.20129852008866006,0.20129852008866006,0.9795299412524945,0.9795299412524945,0.01716632975470737,0.01716632975470737,0.9998526477050269,0.9998526477050269,2023-01-01 03:50:00,18866.616672128363,3,6,1,1,0.0,0.15167487973275118,0.31172206779554823,0.24848913981446574,0.743946292572677,0.03353243473577938,0.26899340443509767,0.7975591006371882,0.31036195892357377,0.4552201490818012,0.011620539908100636,0.11636639788547609,0.8174497084911916,0.3806232934765801
19014.572660298727,19091.919729558835,18884.579874143175,29923.442798059437,0.0,0.0,0.0,0.0,0.0,0.0,0.0,0.0,0.0,0.0,0.0,0.0,0.0,0.0,0.0,0.0,0.0,0.0,0.0,0.0,0.0,0.0,0.0,0.0,0.0,0.0,0.0,0.0,0.0,0.0,0.0,0.0,0.0,0.0,0.0,0.0,0.0,0.0,0.0,0.0,0.0,0.0,0.0,0.0,0.0,0.0,0.0,0.7071067811865476,0.7071067811865476,0.7071067811865476,0.7071067811865476,-0.7818314824680299,-0.7818314824680299,0.6234898018587334,0.6234898018587334,0.20129852008866006,0.20129852008866006,0.9795299412524945,0.9795299412524945,0.01716632975470737,0.01716632975470737,0.9998526477050269,0.9998526477050269,2023-01-01 03:55:00,19013.409063511936,3,6,1,1,0.0,0.5698896848713165,0.7624586857406905,0.8767656367617495,0.34208174871590746,0.8212573046720129,0.07244688779455888,0.3924935564066848,0.4799388347171235,0.6000205481193037,0.29166257870930323,0.8779743204450695,0.8680566901074503,0.8059254001176211
19048.934489255575,19236.28048700292,18908.541113804033,48618.61410285945,0.0,0.0,0.0,0.0,0.0,0.0,0.0,0.0,0.0,0.0,0.0,0.0,0.0,0.0,0.0,0.0,0.0,0.0,0.0,0.0,0.0,0.0,0.0,0.0,0.0,0.0,0.0,0.0,0.0,0.0,0.0,0.0,0.0,0.0,0.0,0.0,0.0,0.0,0.0,0.0,0.0,0.0,0.0,0.0,0.0,0.0,0.0,0.8660254037844386,0.8660254037844386,0.5000000000000001,0.5000000000000001,-0.7818314824680299,-0.7818314824680299,0.6234898018587334,0.6234898018587334,0.20129852008866006,0.20129852008866006,0.9795299412524945,0.9795299412524945,0.01716632975470737,0.01716632975470737,0.9998526477050269,0.9998526477050269,2023-01-01 04:00:00,19008.21106512613,4,6,1,1,0.0,0.11063173695520723,0.8464522917345182,0.12748866233198242,0.39728729056036727,0.7972953657795536,0.6949818861265425,0.8601223971892046,0.7798509888933498,0.039618825348357145,0.48050694725782894,0.7900304363070614,0.3046791390980408,0.08091928305125218
18872.6304737193,18900.1346625485,18713.471939832078,28539.402987656696,0.0,0.0,0.0,0.0,0.0,0.0,0.0,0.0,0.0,0.0,0.0,0.0,0.0,0.0,0.0,0.0,0.0,0.0,0.0,0.0,0.0,0.0,0.0,0.0,0.0,0.0,0.0,0.0,0.0,0.0,0.0,0.0,0.0,0.0,0.0,0.0,0.0,0.0,0.0,0.0,0.0,0.0,0.0,0.0,0.0,0.0,0.0,0.8660254037844386,0.8660254037844386,0.5000000000000001,0.5000000000000001,-0.7818314824680299,-0.7818314824680299,0.6234898018587334,0.6234898018587334,0.20129852008866006,0.20129852008866006,0.9795299412524945,0.9795299412524945,0.01716632975470737,0.01716632975470737,0.9998526477050269,0.9998526477050269,2023-01-01 04:05:00,18858.53773498063,4,6,1,1,0.0,0.14991742734877378,0.22925139523264149,0.7222525683930663,0.7200365365460744,0.6411476328852973,0.10493017841817487,0.24204501586252747,0.9866625932671464,0.14249554290151323,0.49888815345135606,0.40298017876516146,0.17352451498650867,0.6949510889024617
18905.03887065878,18973.252140868834,18727.03780229527,33322.93871608681,0.0,0.0,0.0,0.0,0.0,0.0,0.0,0.0,0.0,0.0,0.0,0.0,0.0,0.0,0.0,0.0,0.0,0.0,0.0,0.0,0.0,0.0,0.0,0.0,0.0,0.0,0.0,0.0,0.0,0.0,0.0,0.0,0.0,0.0,0.0,0.0,0.0,0.0,0.0,0.0,0.0,0.0,0.0,0.0,0.0,0.0,0.0,0.8660254037844386,0.8660254037844386,0.5000000000000001,0.5000000000000001,-0.7818314824680299,-0.7818314824680299,0.6234898018587334,0.6234898018587334,0.20129852008866006,0.20129852008866006,0.9795299412524945,0.9795299412524945,0.01716632975470737,0.01716632975470737,0.9998526477050269,0.9998526477050269,2023-01-01 04:10:00,18899.130629277697,4,6,1,1,0.0,0.6939484444671,0.5427244433475962,0.25179905890695276,0.34569599350391944,0.18159771680142567,0.6181557343181191,0.702464970544104,0.5596486834869141,0.00977084741918366,0.3264613082439919,0.34609972653778553,0.9756102008599149,0.640972077345332
18866.53064261715,18889.225346865267,18798.93161124684,36308.69100430777,0.0,0.0,0.0,0.0,0.0,0.0,0.0,0.0,0.0,0.0,0.0,0.0,0.0,0.0,0.0,0.0,0.0,0.0,0.0,0.0,0.0,0.0,0.0,0.0,0.0,0.0,0.0,0.0,0.0,0.0,0.0,0.0,0.0,0.0,0.0,0.0,0.0,0.0,0.0,0.0,0.0,0.0,0.0,0.0,0.0,0.0,0.0,0.8660254037844386,0.8660254037844386,0.5000000000000001,0.5000000000000001,-0.7818314824680299,-0.7818314824680299,0.6234898018587334,0.6234898018587334,0.20129852008866006,0.20129852008866006,0.9795299412524945,0.9795299412524945,0.01716632975470737,0.01716632975470737,0.9998526477050269,0.9998526477050269,2023-01-01 04:15:00,18831.69378434894,4,6,1,1,0.0,0.9084505613336283,0.5833917947661205,0.4008514167636399,0.4620058036441327,0.9472833396118153,0.5177116433847114,0.08786649914483335,0.35062693120918076,0.033203108791366565,0.07857849715502074,0.822480563634361,0.13252467274184843,0.8620144822726226
18798.83844258655,18983.777166242264,18723.721852058563,25454.347914549795,0.0,0.0,0.0,0.0,0.0,0.0,0.0,0.0,0.0,0.0,0.0,0.0,0.0,0.0,0.0,0.0,0.0,0.0,0.0,0.0,0.0,0.0,0.0,0.0,0.0,0.0,0.0,0.0,0.0,0.0,0.0,0.0,0.0,0.0,0.0,0.0,0.0,0.0,0.0,0.0,0.0,0.0,0.0,0.0,0.0,0.0,0.0,0.8660254037844386,0.8660254037844386,0.5000000000000001,0.5000000000000001,-0.7818314824680299,-0.7818314824680299,0.6234898018587334,0.6234898018587334,0.20129852008866006,0.20129852008866006,0.9795299412524945,0.9795299412524945,0.01716632975470737,0.01716632975470737,0.9998526477050269,0.9998526477050269,2023-01-01 04:20:00,18767.391300247557,4,6,1,1,0.0,0.1533514031160802,0.5862298320167972,0.505888678884466,0.6114542354346478,0.01811018382084051,0.39692327620159606,0.13271575404306035,0.5675408482615582,0.6894649691372657,0.8005866991090829,0.9227571905133943,0.4870619188189359,0.6062529377509774
18860.006071470638,19035.473942146833,18841.209683502464,33240.11360378286,0.0,0.0,0.0,0.0,0.0,0.0,0.0,0.0,0.0,0.0,0.0,0.0,0.0,0.0,0.0,0.0,0.0,0.0,0.0,0.0,0.0,0.0,0.0,0.0,0.0,0.0,0.0,0.0,0.0,0.0,0.0,0.0,0.0,0.0,0.0,0.0,0.0,0.0,0.0,0.0,0.0,0.0,0.0,0.0,0.0,0.0,0.0,0.8660254037844386,0.8660254037844386,0.5000000000000001,0.5000000000000001,-0.7818314824680299,-0.7818314824680299,0.6234898018587334,0.6234898018587334,0.20129852008866006,0.20129852008866006,0.9795299412524945,0.9795299412524945,0.01716632975470737,0.01716632975470737,0.9998526477050269,0.9998526477050269,2023-01-01 04:25:00,18816.132470794284,4,6,1,1,0.0,0.8721239089441515,0.9321182824836124,0.5651331835892089,0.6966508238768923,0.9224993811772957,0.2001502442448101,0.16748258225906976,0.10456784033440025,0.6364302495436367,0.7064757264869012,0.7648098009029954,0.17483862726041255,0.5025660764634424
18963.106023720233,19014.694349263264,18847.449995520998,31294.14403653951,0.0,0.0,0.0,0.0,0.0,0.0,0.0,0.0,0.0,0.0,0.0,0.0,0.0,0.0,0.0,0.0,0.0,0.0,0.0,0.0,0.0,0.0,0.0,0.0,0.0,0.0,0.0,0.0,0.0,0.0,0.0,0.0,0.0,0.0,0.0,0.0,0.0,0.0,0.0,0.0,0.0,0.0,0.0,0.0,0.0,0.0,0.0,0.8660254037844386,0.8660254037844386,0.5000000000000001,0.5000000000000001,-0.7818314824680299,-0.7818314824680299,0.6234898018587334,0.6234898018587334,0.20129852008866006,0.20129852008866006,0.9795299412524945,0.9795299412524945,0.01716632975470737,0.01716632975470737,0.9998526477050269,0.9998526477050269,2023-01-01 04:30:00,18926.352471530037,4,6,1,1,0.0,0.7072386343133986,0.15253904291426135,0.5762883601668132,0.6067150463828559,0.424130671302386,0.03158614482564204,0.9362122462436898,0.05197128365147241,0.5412963353010705,0.7090605194509164,0.3986630277723131,0.1463739921622491,0.36753442229153144
19056.234035631853,19188.23084483869,19049.045580872506,45552.11047209451,0.0,0.0,0.0,0.0,0.0,0.0,0.0,0.0,0.0,0.0,0.0,0.0,0.0,0.0,0.0,0.0,0.0,0.0,0.0,0.0,0.0,0.0,0.0,0.0,0.0,0.0,0.0,0.0,0.0,0.0,0.0,0.0,0.0,0.0,0.0,0.0,0.0,0.0,0.0,0.0,0.0,0.0,0.0,0.0,0.0,0.0,0.0,0.8660254037844386,0.8660254037844386,0.5000000000000001,0.5000000000000001,-0.7818314824680299,-0.7818314824680299,0.6234898018587334,0.6234898018587334,0.20129852008866006,0.20129852008866006,0.9795299412524945,0.9795299412524945,0.01716632975470737,0.01716632975470737,0.9998526477050269,0.9998526477050269,2023-01-01 04:35:00,19016.05998911261,4,6,1,1,0.0,0.7364442356247228,0.9343670147690148,0.9255685129067763,0.4508393714041321,0.11323804584075525,0.8709691237460856,0.7140869321324278,0.8017280830697918,0.33945019254280606,0.8148251137465122,0.06817230938549357,0.025811906949486985,0.13516628915482276
18972.31228330959,19135.756723349834,18879.1926796831,7045.0871153656035,0.0,0.0,0.0,0.0,0.0,0.0,0.0,0.0,0.0,0.0,0.0,0.0,0.0,0.0,0.0,0.0,0.0,0.0,0.0,0.0,0.0,0.0,0.0,0.0,0.0,0.0,0.0,0.0,0.0,0.0,0.0,0.0,0.0,0.0,0.0,0.0,0.0,0.0,0.0,0.0,0.0,0.0,0.0,0.0,0.0,0.0,0.0,0.8660254037844386,0.8660254037844386,0.5000000000000001,0.5000000000000001,-0.7818314824680299,-0.7818314824680299,0.6234898018587334,0.6234898018587334,0.20129852008866006,0.20129852008866006,0.9795299412524945,0.9795299412524945,0.01716632975470737,0.01716632975470737,0.9998526477050269,0.9998526477050269,2023-01-01 04:40:00,18958.210554681027,4,6,1,1,0.0,0.9848411989623346,0.8388980864459341,0.12466268120326685,0.9208418826173723,0.8698963620621283,0.08011484638467514,0.8948166560605276,0.5475923761537362,0.8172977699624937,0.45231828451830014,0.9631151115891738,0.549529535895017,0.96582216115322
18941.391045724467,19052.43120804436,18832.862118782952,17643.343531650367,0.0,0.0,0.0,0.0,0.0,0.0,0.0,0.0,0.0,0.0,0.0,0.0,0.0,0.0,0.0,0.0,0.0,0.0,0.0,0.0,0.0,0.0,0.0,0.0,0.0,0.0,0.0,0.0,0.0,0.0,0.0,0.0,0.0,0.0,0.0,0.0,0.0,0.0,0.0,0.0,0.0,0.0,0.0,0.0,0.0,0.0,0.0,0.8660254037844386,0.8660254037844386,0.5000000000000001,0.5000000000000001,-0.7818314824680299,-0.7818314824680299,0.6234898018587334,0.6234898018587334,0.20129852008866006,0.20129852008866006,0.9795299412524945,0.9795299412524945,0.01716632975470737,0.01716632975470737,0.9998526477050269,0.9998526477050269,2023-01-01 04:45:00,18932.519068535483,4,6,1,1,0.0,0.5188380571260721,0.5912754357449292,0.39900270387013026,0.05476163882203133,0.3351972416459009,0.643577695196525,0.5264026609361132,0.7315895217553319,0.08162998203058958,0.0603520839905638,0.432497878330132,0.3118161330852596,0.5061418628402441
18974.517388864824,19080.447504536027,18917.209138439168,47768.51678344514,0.0,0.0,0.0,0.0,0.0,0.0,0.0,0.0,0.0,0.0,0.0,0.0,0.0,0.0,0.0,0.0,0.0,0.0,0.0,0.0,0.0,0.0,0.0,0.0,0.0,0.0,0.0,0.0,0.0,0.0,0.0,0.0,0.0,0.0,0.0,0.0,0.0,0.0,0.0,0.0,0.0,0.0,0.0,0.0,0.0,0.0,0.0,0.8660254037844386,0.8660254037844386,0.5000000000000001,0.5000000000000001,-0.7818314824680299,-0.7818314824680299,0.6234898018587334,0.6234898018587334,0.20129852008866006,0.20129852008866006,0.9795299412524945,0.9795299412524945,0.01716632975470737,0.01716632975470737,0.9998526477050269,0.9998526477050269,2023-01-01 04:50:00,18936.986651282783,4,6,1,1,0.0,0.8028534485980114,0.004632023004602859,0.3334991716911442,0.3981686935909433,0.5373956029379229,0.24710323401014644,0.15954468011318834,0.8717835665922017,0.21921398735804432,0.9758652558191313,0.4395116886329101,0.10566468426174391,0.6408263146902062
19072.07190157706,19120.44235975715,18953.905249463256,45061.870275091234,0.0,0.0,0.0,0.0,0.0,0.0,0.0,0.0,0.0,0.0,0.0,0.0,0.0,0.0,0.0,0.0,0.0,0.0,0.0,0.0,0.0,0.0,0.0,0.0,0.0,0.0,0.0,0.0,0.0,0.0,0.0,0.0,0.0,0.0,0.0,0.0,0.0,0.0,0.0,0.0,0.0,0.0,0.0,0.0,0.0,0.0,0.0,0.8660254037844386,0.8660254037844386,0.5000000000000001,0.5000000000000001,-0.7818314824680299,-0.7818314824680299,0.6234898018587334,0.6234898018587334,0.20129852008866006,0.20129852008866006,0.9795299412524945,0.9795299412524945,0.01716632975470737,0.01716632975470737,0.9998526477050269,0.9998526477050269,2023-01-01 04:55:00,19031.730164613695,4,6,1,1,0.0,0.9198556164127605,0.34634599436596125,0.3469532018962277,0.7375012481097484,0.45221794088980716,0.33689579177110685,0.18211791568869928,0.7896985071424791,0.6587077755008761,0.498195716453139,0.2160381825095996,0.6195879548978296,0.6502010923981534
19024.15447779253,19042.77503135371,19018.05442780472,25504.553875357084,0.0,0.0,0.0,0.0,0.0,0.0,0.0,0.0,0.0,0.0,0.0,0.0,0.0,0.0,0.0,0.0,0.0,0.0,0.0,0.0,0.0,0.0,0.0,0.0,0.0,0.0,0.0,0.0,0.0,0.0,0.0,0.0,0.0,0.0,0.0,0.0,0.0,0.0,0.0,0.0,0.0,0.0,0.0,0.0,0.0,0.0,0.0,0.9659258262890683,0.9659258262890683,0.25881904510252074,0.25881904510252074,-0.7818314824680299,-0.7818314824680299,0.6234898018587334,0.6234898018587334,0.20129852008866006,0.20129852008866006,0.9795299412524945,0.9795299412524945,0.01716632975470737,0.01716632975470737,0.9998526477050269,0.9998526477050269,2023-01-01 05:00:00,18974.629220692495,5,6,1,1,0.0,0.22460482293998196,0.4524395161326934,0.14085702037979986,0.1763869865062233,0.49836777273947974,0.5553635509376312,0.7192017782722638,0.22845474133129873,0.9963339160567419,0.9747931621467831,0.1520248531286481,0.06134962711066816,0.7807615860684398
19005.58858012615,19185.031731716816,18998.118942376306,32905.96690106915,0.0,0.0,0.0,0.0,0.0,0.0,0.0,0.0,0.0,0.0,0.0,0.0,0.0,0.0,0.0,0.0,0.0,0.0,0.0,0.0,0.0,0.0,0.0,0.0,0.0,0.0,0.0,0.0,0.0,0.0,0.0,0.0,0.0,0.0,0.0,0.0,0.0,0.0,0.0,0.0,0.0,0.0,0.0,0.0,0.0,0.0,0.0,0.9659258262890683,0.9659258262890683,0.25881904510252074,0.25881904510252074,-0.7818314824680299,-0.7818314824680299,0.6234898018587334,0.6234898018587334,0.20129852008866006,0.20129852008866006,0.9795299412524945,0.9795299412524945,0.01716632975470737,0.01716632975470737,0.9998526477050269,0.9998526477050269,2023-01-01 05:05:00,18984.95769628058,5,6,1,1,0.0,0.4189254495045479,0.9148459010681,0.3623938991166331,0.5805883502780435,0.6322642879195304,0.6503256863469369,0.19954245092914513,0.6802282424312913,0.07219840897917584,0.030652502205806065,0.4598004237693202,0.05816379550547579,0.9948663171697671
18894.955082725548,19075.038694158215,18730.434970593615,17482.15323415097,0.0,0.0,0.0,0.0,0.0,0.0,0.0,0.0,0.0,0.0,0.0,0.0,0.0,0.0,0.0,0.0,0.0,0.0,0.0,0.0,0.0,0.0,0.0,0.0,0.0,0.0,0.0,0.0,0.0,0.0,0.0,0.0,0.0,0.0,0.0,0.0,0.0,0.0,0.0,0.0,0.0,0.0,0.0,0.0,0.0,0.0,0.0,0.9659258262890683,0.9659258262890683,0.25881904510252074,0.25881904510252074,-0.7818314824680299,-0.7818314824680299,0.6234898018587334,0.6234898018587334,0.20129852008866006,0.20129852008866006,0.9795299412524945,0.9795299412524945,0.01716632975470737,0.01716632975470737,0.9998526477050269,0.9998526477050269,2023-01-01 05:10:00,18876.354178435908,5,6,1,1,0.0,0.013094456588333636,0.6635373720167106,0.17803596686975143,0.9610703174694551,0.14866272775311296,0.2576828885112137,0.4626229567393163,0.8682725054083805,0.727169069766308,0.742706521199981,0.05778056099636664,0.6950352288585532,0.9836789252634136
18775.33442031748,18901.95471177213,18703.296292035226,13465.452187569259,0.0,0.0,0.0,0.0,0.0,0.0,0.0,0.0,0.0,0.0,0.0,0.0,0.0,0.0,0.0,0.0,0.0,0.0,0.0,0.0,0.0,0.0,0.0,0.0,0.0,0.0,0.0,0.0,0.0,0.0,0.0,0.0,0.0,0.0,0.0,0.0,0.0,0.0,0.0,0.0,0.0,0.0,0.0,0.0,0.0,0.0,0.0,0.9659258262890683,0.9659258262890683,0.25881904510252074,0.25881904510252074,-0.7818314824680299,-0.7818314824680299,0.6234898018587334,0.6234898018587334,0.20129852008866006,0.20129852008866006,0.9795299412524945,0.9795299412524945,0.01716632975470737,0.01716632975470737,0.9998526477050269,0.9998526477050269,2023-01-01 05:15:00,18736.513772280377,5,6,1,1,0.0,0.41462412372702373,0.08534966807864386,0.9968742518459474,0.5021950103312426,0.5953850173200438,0.42549333444807536,0.3459349925469629,0.3710387629846027,0.9876495637360578,0.04010919141248248,0.23918010421592562,0.14224936868719618,0.1213849394224289
18856.5870025569,18924.39296076664,18831.174900026523,25866.428222299197,0.0,0.0,0.0,0.0,0.0,0.0,0.0,0.0,0.0,0.0,0.0,0.0,0.0,0.0,0.0,0.0,0.0,0.0,0.0,0.0,0.0,0.0,0.0,0.0,0.0,0.0,0.0,0.0,0.0,0.0,0.0,0.0,0.0,0.0,0.0,0.0,0.0,0.0,0.0,0.0,0.0,0.0,0.0,0.0,0.0,0.0,0.0,0.9659258262890683,0.9659258262890683,0.25881904510252074,0.25881904510252074,-0.7818314824680299,-0.7818314824680299,0.6234898018587334,0.6234898018587334,0.20129852008866006,0.20129852008866006,0.9795299412524945,0.9795299412524945,0.01716632975470737,0.01716632975470737,0.9998526477050269,0.9998526477050269,2023-01-01 05:20:00,18839.546825544247,5,6,1,1,0.0,0.06707647738842748,0.7499604703991778,0.20990559309558576,0.8980542894407137,0.20513964048200717,0.8670314961224486,0.5786754085723934,0.43861541918959046,0.7252576604151365,0.48666894142470285,0.30327514756759555,0.10104581101064669,0.6921613416941319
18992.21100541398,19062.052920336515,18887.76235340302,20900.850261172378,0.0,0.0,0.0,0.0,0.0,0.0,0.0,0.0,0.0,0.0,0.0,0.0,0.0,0.0,0.0,0.0,0.0,0.0,0.0,0.0,0.0,0.0,0.0,0.0,0.0,0.0,0.0,0.0,0.0,0.0,0.0,0.0,0.0,0.0,0.0,0.0,0.0,0.0,0.0,0.0,0.0,0.0,0.0,0.0,0.0,0.0,0.0,0.9659258262890683,0.9659258262890683,0.25881904510252074,0.25881904510252074,-0.7818314824680299,-0.7818314824680299,0.6234898018587334,0.6234898018587334,0.20129852008866006,0.20129852008866006,0.9795299412524945,0.9795299412524945,0.01716632975470737,0.01716632975470737,0.9998526477050269,0.9998526477050269,2023-01-01 05:25:00,18945.673139133803,5,6,1,1,0.0,0.19068772066366657,0.03654966784809488,0.47206694510999925,0.5648411332626164,0.06570863942835237,0.8734232380816606,0.9007018640112585,0.4217209268734554,0.2768277972350516,0.5923503285933622,0.06229179813006269,0.5094221281497897,0.9966968538529768
18985.00999325595,19130.201129029996,18831.011282636227,31264.525033289243,0.0,0.0,0.0,0.0,0.0,0.0,0.0,0.0,0.0,0.0,0.0,0.0,0.0,0.0,0.0,0.0,0.0,0.0,0.0,0.0,0.0,0.0,0.0,0.0,0.0,0.0,0.0,0.0,0.0,0.0,0.0,0.0,0.0,0.0,0.0,0.0,0.0,0.0,0.0,0.0,0.0,0.0,0.0,0.0,0.0,0.0,0.0,0.9659258262890683,0.9659258262890683,0.25881904510252074,0.25881904510252074,-0.7818314824680299,-0.7818314824680299,0.6234898018587334,0.6234898018587334,0.20129852008866006,0.20129852008866006,0.9795299412524945,0.9795299412524945,0.01716632975470737,0.01716632975470737,0.9998526477050269,0.9998526477050269,2023-01-01 05:30:00,18942.0893556638,5,6,1,1,0.0,0.7755276166950106,0.4532888347480276,0.52439026932758,0.44076274693822814,0.400763060875326,0.912363345616691,0.21066218900566658,0.6229665835634828,0.6315602200925206,0.733113022415281,0.8139702695060188,0.6152194382310109,0.30625362078661167
19085.36328304515,19264.785335035664,19042.19907754578,8498.058663424317,0.0,0.0,0.0,0.0,0.0,0.0,0.0,0.0,0.0,0.0,0.0,0.0,0.0,0.0,0.0,0.0,0.0,0.0,0.0,0.0,0.0,0.0,0.0,0.0,0.0,0.0,0.0,0.0,0.0,0.0,0.0,0.0,0.0,0.0,0.0,0.0,0.0,0.0,0.0,0.0,0.0,0.0,0.0,0.0,0.0,0.0,0.0,0.9659258262890683,0.9659258262890683,0.25881904510252074,0.25881904510252074,-0.7818314824680299,-0.7818314824680299,0.6234898018587334,0.6234898018587334,0.20129852008866006,0.20129852008866006,0.9795299412524945,0.9795299412524945,0.01716632975470737,0.01716632975470737,0.9998526477050269,0.9998526477050269,2023-01-01 05:35:00,19063.9135816764,5,6,1,1,0.0,0.5596403313082179,0.1552402459307125,0.18192813049527112,0.8617856210135173,0.9461154621336327,0.1315676851272598,0.7158249646820886,0.909032520665641,0.17968310887024197,0.23754332492387764,0.6238958362916385,0.5270414639116516,0.4260833838903715
19121.526885549916,19298.94417040294,18996.948790386115,48847.76634497749,0.0,0.0,0.0,0.0,0.0,0.0,0.0,0.0,0.0,0.0,0.0,0.0,0.0,0.0,0.0,0.0,0.0,0.0,0.0,0.0,0.0,0.0,0.0,0.0,0.0,0.0,0.0,0.0,0.0,0.0,0.0,0.0,0.0,0.0,0.0,0.0,0.0,0.0,0.0,0.0,0.0,0.0,0.0,0.0,0.0,0.0,0.0,0.9659258262890683,0.9659258262890683,0.25881904510252074,0.25881904510252074,-0.7818314824680299,-0.7818314824680299,0.6234898018587334,0.6234898018587334,0.20129852008866006,0.20129852008866006,0.9795299412524945,0.9795299412524945,0.01716632975470737,0.01716632975470737,0.9998526477050269,0.9998526477050269,2023-01-01 05:40:00,19083.98333216034,5,6,1,1,0.0,0.37330931627975295,0.27074467314355377,0.6439995432390158,0.4087341710980964,0.02538635566034486,0.9713950940416396,0.18097695270948977,0.8543850933695791,0.4922778564480348,0.24723107440317704,0.13071037674019947,0.8866042152404667,0.4497846488213225
19057.0149100894,19212.990019260928,19039.945417090647,49379.48350158213,0.0,0.0,0.0,0.0,0.0,0.0,0.0,0.0,0.0,0.0,0.0,0.0,0.0,0.0,0.0,0.0,0.0,0.0,0.0,0.0,0.0,0.0,0.0,0.0,0.0,0.0,0.0,0.0,0.0,0.0,0.0,0.0,0.0,0.0,0.0,0.0,0.0,0.0,0.0,0.0,0.0,0.0,0.0,0.0,0.0,0.0,0.0,0.9659258262890683,0.9659258262890683,0.25881904510252074,0.25881904510252074,-0.7818314824680299,-0.7818314824680299,0.6234898018587334,0.6234898018587334,0.20129852008866006,0.20129852008866006,0.9795299412524945,0.9795299412524945,0.01716632975470737,0.01716632975470737,0.9998526477050269,0.9998526477050269,2023-01-01 05:45:00,19019.28776638517,5,6,1,1,0.0,0.15615259736619036,0.7159722288473975,0.6589239419101514,0.02709599250348349,0.22197216193294944,0.8707499012725114,0.4453052550026655,0.5148173539296902,0.3592333693997657,0.5929508514349274,0.19462251182076507,0.3677593508772896,0.41412975252892703
19093.154470640242,19221.5607998711,19082.81812640652,36417.277130888535,0.0,0.0,0.0,0.0,0.0,0.0,0.0,0.0,0.0,0.0,0.0,0.0,0.0,0.0,0.0,0.0,0.0,0.0,0.0,0.0,0.0,0.0,0.0,0.0,0.0,0.0,0.0,0.0,0.0,0.0,0.0,0.0,0.0,0.0,0.0,0.0,0.0,0.0,0.0,0.0,0.0,0.0,0.0,0.0,0.0,0.0,0.0,0.9659258262890683,0.9659258262890683,0.25881904510252074,0.25881904510252074,-0.7818314824680299,-0.7818314824680299,0.6234898018587334,0.6234898018587334,0.20129852008866006,0.20129852008866006,0.9795299412524945,0.9795299412524945,0.01716632975470737,0.01716632975470737,0.9998526477050269,0.9998526477050269,2023-01-01 05:50:00,19087.998277198447,5,6,1,1,0.0,0.2310747965880714,0.6718927435987284,0.019710537754364155,0.10410858198457384,0.7999160853731894,0.16352387258502277,0.3910815366517607,0.9694123223352875,0.25813343270112754,0.6567366645412922,0.8275378955668743,0.733614380561402,0.7693048936413398
19246.95812728684,19263.78612028585,19140.68720097321,29124.33648548542,0.0,0.0,0.0,0.0,0.0,0.0,0.0,0.0,0.0,0.0,0.0,0.0,0.0,0.0,0.0,0.0,0.0,0.0,0.0,0.0,0.0,0.0,0.0,0.0,0.0,0.0,0.0,0.0,0.0,0.0,0.0,0.0,0.0,0.0,0.0,0.0,0.0,0.0,0.0,0.0,0.0,0.0,0.0,0.0,0.0,0.0,0.0,0.9659258262890683,0.9659258262890683,0.25881904510252074,0.25881904510252074,-0.7818314824680299,-0.7818314824680299,0.6234898018587334,0.6234898018587334,0.20129852008866006,0.20129852008866006,0.9795299412524945,0.9795299412524945,0.01716632975470737,0.01716632975470737,0.9998526477050269,0.9998526477050269,2023-01-01 05:55:00,19201.830481952864,5,6,1,1,0.0,0.1785446620543336,0.6527461078518747,0.23818278104672652,0.09944139275934516,0.24317219099945409,0.3251900642246949,0.7734731256866006,0.13087366071834983,0.9698210450785447,0.45378954138363925,0.011031264428647214,0.4161539981797615,0.4813441516353236
19243.375523375846,19275.70126619477,19135.248499053825,18928.74273288475,0.0,0.0,0.0,0.0,0.0,0.0,0.0,0.0,0.0,0.0,0.0,0.0,0.0,0.0,0.0,0.0,0.0,0.0,0.0,0.0,0.0,0.0,0.0,0.0,0.0,0.0,0.0,0.0,0.0,0.0,0.0,0.0,0.0,0.0,0.0,0.0,0.0,0.0,0.0,0.0,0.0,0.0,0.0,0.0,0.0,0.0,0.0,1.0,1.0,6.123233995736766e-17,6.123233995736766e-17,-0.7818314824680299,-0.7818314824680299,0.6234898018587334,0.6234898018587334,0.20129852008866006,0.20129852008866006,0.9795299412524945,0.9795299412524945,0.01716632975470737,0.01716632975470737,0.9998526477050269,0.9998526477050269,2023-01-01 06:00:00,19218.112904753452,6,6,1,1,0.0,0.7222669318556592,0.8556964681062857,0.8302198645669916,0.3971835296184548,0.6680851365706462,0.23605046334646396,0.07349674733001266,0.16975790508754074,0.5197739485560177,0.3370031764312863,0.019192276823056686,0.2598132087450342,0.760289823122135
19399.839888957245,19579.550726662663,19272.353908657606,41620.775886812684,0.0,0.0,0.0,0.0,0.0,0.0,0.0,0.0,0.0,0.0,0.0,0.0,0.0,0.0,0.0,0.0,0.0,0.0,0.0,0.0,0.0,0.0,0.0,0.0,0.0,0.0,0.0,0.0,0.0,0.0,0.0,0.0,0.0,0.0,0.0,0.0,0.0,0.0,0.0,0.0,0.0,0.0,0.0,0.0,0.0,0.0,0.0,1.0,1.0,6.123233995736766e-17,6.123233995736766e-17,-0.7818314824680299,-0.7818314824680299,0.6234898018587334,0.6234898018587334,0.20129852008866006,0.20129852008866006,0.9795299412524945,0.9795299412524945,0.01716632975470737,0.01716632975470737,0.9998526477050269,0.9998526477050269,2023-01-01 06:05:00,19358.517015651858,6,6,1,1,0.0,0.20498429541582097,0.29314773026101326,0.8963358185211198,0.013001923510736035,0.08550853085446808,0.8288833658826095,0.43088752366180594,0.2487142725876299,0.61714498660403,0.7067772168854458,0.13710970572899905,0.5353101314525917,0.2152018720172375
19137.86537854827,19259.15119048019,18992.647111803737,35812.90276492457,0.0,0.0,0.0,0.0,0.0,0.0,0.0,0.0,0.0,0.0,0.0,0.0,0.0,0.0,0.0,0.0,0.0,0.0,0.0,0.0,0.0,0.0,0.0,0.0,0.0,0.0,0.0,0.0,0.0,0.0,0.0,0.0,0.0,0.0,0.0,0.0,0.0,0.0,0.0,0.0,0.0,0.0,0.0,0.0,0.0,0.0,0.0,1.0,1.0,6.123233995736766e-17,6.123233995736766e-17,-0.7818314824680299,-0.7818314824680299,0.6234898018587334,0.6234898018587334,0.20129852008866006,0.20129852008866006,0.9795299412524945,0.9795299412524945,0.01716632975470737,0.01716632975470737,0.9998526477050269,0.9998526477050269,2023-01-01 06:10:00,19121.86289849674,6,6,1,1,0.0,0.20788625514602732,0.026532203873819715,0.18143543508979731,0.5830415609696922,0.42142455059249795,0.16704190790094986,0.16761921628831766,0.03667142693354297,0.7364020150656405,0.6638045276218051,0.012120774643893273,0.24120145759954148,0.9758737549100538
19220.055628985792,19221.895039309118,19024.885213093286,12317.76227052011,0.0,0.0,0.0,0.0,0.0,0.0,0.0,0.0,0.0,0.0,0.0,0.0,0.0,0.0,0.0,0.0,0.0,0.0,0.0,0.0,0.0,0.0,0.0,0.0,0.0,0.0,0.0,0.0,0.0,0.0,0.0,0.0,0.0,0.0,0.0,0.0,0.0,0.0,0.0,0.0,0.0,0.0,0.0,0.0,0.0,0.0,0.0,1.0,1.0,6.123233995736766e-17,6.123233995736766e-17,-0.7818314824680299,-0.7818314824680299,0.6234898018587334,0.6234898018587334,0.20129852008866006,0.20129852008866006,0.9795299412524945,0.9795299412524945,0.01716632975470737,0.01716632975470737,0.9998526477050269,0.9998526477050269,2023-01-01 06:15:00,19175.279467560984,6,6,1,1,0.0,0.8926717110769748,0.8174435617384409,0.34181735169787597,0.2594234334312925,0.3796924081672669,0.4746308757498139,0.8441704489691971,0.8056701529500532,0.5853543643967521,0.8682712805132586,0.8015371118829896,0.9595766443210334,0.48785404392636245
19228.76033580961,19249.054644382817,19125.50026614937,45991.723302222905,0.0,0.0,0.0,0.0,0.0,0.0,0.0,0.0,0.0,0.0,0.0,0.0,0.0,0.0,0.0,0.0,0.0,0.0,0.0,0.0,0.0,0.0,0.0,0.0,0.0,0.0,0.0,0.0,0.0,0.0,0.0,0.0,0.0,0.0,0.0,0.0,0.0,0.0,0.0,0.0,0.0,0.0,0.0,0.0,0.0,0.0,0.0,1.0,1.0,6.123233995736766e-17,6.123233995736766e-17,-0.7818314824680299,-0.7818314824680299,0.6234898018587334,0.6234898018587334,0.20129852008866006,0.20129852008866006,0.9795299412524945,0.9795299412524945,0.01716632975470737,0.01716632975470737,0.9998526477050269,0.9998526477050269,2023-01-01 06:20:00,19209.3002518729,6,6,1,1,0.0,0.5902949425148077,0.26806364082287626,0.624148907849134,0.4094116521912404,0.5520471808519802,0.20584121003676825,0.11191961939772788,0.2697496115169896,0.05708685608931485,0.531169528001032,0.1097361986775035,0.547959488973693,0.4543773345599609
19198.859600763026,19331.559954584638,19134.268306174778,42014.1759315426,0.0,0.0,0.0,0.0,0.0,0.0,0.0,0.0,0.0,0.0,0.0,0.0,0.0,0.0,0.0,0.0,0.0,0.0,0.0,0.0,0.0,0.0,0.0,0.0,0.0,0.0,0.0,0.0,0.0,0.0,0.0,0.0,0.0,0.0,0.0,0.0,0.0,0.0,0.0,0.0,0.0,0.0,0.0,0.0,0.0,0.0,0.0,1.0,1.0,6.123233995736766e-17,6.123233995736766e-17,-0.7818314824680299,-0.7818314824680299,0.6234898018587334,0.6234898018587334,0.20129852008866006,0.20129852008866006,0.9795299412524945,0.9795299412524945,0.01716632975470737,0.01716632975470737,0.9998526477050269,0.9998526477050269,2023-01-01 06:25:00,19198.31771818901,6,6,1,1,0.0,0.4361265291353167,0.29446575954191767,0.9484533069621567,0.7636057941597608,0.14011317576645255,0.9366056922949615,0.03934354066850965,0.1221099140100268,0.4521990282834353,0.9338750175279049,0.844357082739616,0.09808258078424459,0.4882411370217782
19208.035678416574,19209.047995185818,19048.998439462834,47740.99609813659,0.0,0.0,0.0,0.0,0.0,0.0,0.0,0.0,0.0,0.0,0.0,0.0,0.0,0.0,0.0,0.0,0.0,0.0,0.0,0.0,0.0,0.0,0.0,0.0,0.0,0.0,0.0,0.0,0.0,0.0,0.0,0.0,0.0,0.0,0.0,0.0,0.0,0.0,0.0,0.0,0.0,0.0,0.0,0.0,0.0,0.0,0.0,1.0,1.0,6.123233995736766e-17,6.123233995736766e-17,-0.7818314824680299,-0.7818314824680299,0.6234898018587334,0.6234898018587334,0.20129852008866006,0.20129852008866006,0.9795299412524945,0.9795299412524945,0.01716632975470737,0.01716632975470737,0.9998526477050269,0.9998526477050269,2023-01-01 06:30:00,19162.766579595613,6,6,1,1,0.0,0.8684679758979128,0.48743119824951364,0.8945522268940914,0.7998552559473152,0.42521350446923345,0.3161561049767505,0.5072348086883924,0.0415728590503921,0.14834320096208886,0.9866301229588469,0.15004866469398426,0.32467592689006,0.7373570773877997
19009.278786956485,19041.440397239985,18955.11233670407,37657.3778774762,0.0,0.0,0.0,0.0,0.0,0.0,0.0,0.0,0.0,0.0,0.0,0.0,0.0,0.0,0.0,0.0,0.0,0.0,0.0,0.0,0.0,0.0,0.0,0.0,0.0,0.0,0.0,0.0,0.0,0.0,0.0,0.0,0.0,0.0,0.0,0.0,0.0,0.0,0.0,0.0,0.0,0.0,0.0,0.0,0.0,0.0,0.0,1.0,1.0,6.123233995736766e-17,6.123233995736766e-17,-0.7818314824680299,-0.7818314824680299,0.6234898018587334,0.6234898018587334,0.20129852008866006,0.20129852008866006,0.9795299412524945,0.9795299412524945,0.01716632975470737,0.01716632975470737,0.9998526477050269,0.9998526477050269,2023-01-01 06:35:00,19004.71445311718,6,6,1,1,0.0,0.022469308320117398,0.2686773593849461,0.5416342146608669,0.6334782198261473,0.2578876854332023,0.9651186964360455,0.004939980934409616,0.951811785423239,0.6391199378155004,0.8679182945200221,0.47601812936876653,0.37588828514576933,0.3944762785700353
18987.311598172735,19097.05835604605,18899.517314031607,32603.683817110545,0.0,0.0,0.0,0.0,0.0,0.0,0.0,0.0,0.0,0.0,0.0,0.0,0.0,0.0,0.0,0.0,0.0,0.0,0.0,0.0,0.0,0.0,0.0,0.0,0.0,0.0,0.0,0.0,0.0,0.0,0.0,0.0,0.0,0.0,0.0,0.0,0.0,0.0,0.0,0.0,0.0,0.0,0.0,0.0,0.0,0.0,0.0,1.0,1.0,6.123233995736766e-17,6.123233995736766e-17,-0.7818314824680299,-0.7818314824680299,0.6234898018587334,0.6234898018587334,0.20129852008866006,0.20129852008866006,0.9795299412524945,0.9795299412524945,0.01716632975470737,0.01716632975470737,0.9998526477050269,0.9998526477050269,2023-01-01 06:40:00,18971.345916293216,6,6,1,1,0.0,0.13935607407282413,0.8349302367992991,0.9844021807035521,0.5256901823026858,0.1716792858483035,0.4547398556338591,0.5155960285792502,0.4888465802569202,0.6668642575461043,0.1396512547563129,0.45944676840598664,0.7850165438370569,0.8920846889402344
19023.022855323907,19161.401894862447,19007.331579055455,23820.93663307785,0.0,0.0,0.0,0.0,0.0,0.0,0.0,0.0,0.0,0.0,0.0,0.0,0.0,0.0,0.0,0.0,0.0,0.0,0.0,0.0,0.0,0.0,0.0,0.0,0.0,0.0,0.0,0.0,0.0,0.0,0.0,0.0,0.0,0.0,0.0,0.0,0.0,0.0,0.0,0.0,0.0,0.0,0.0,0.0,0.0,0.0,0.0,1.0,1.0,6.123233995736766e-17,6.123233995736766e-17,-0.7818314824680299,-0.7818314824680299,0.6234898018587334,0.6234898018587334,0.20129852008866006,0.20129852008866006,0.9795299412524945,0.9795299412524945,0.01716632975470737,0.01716632975470737,0.9998526477050269,0.9998526477050269,2023-01-01 06:45:00,18975.519756971367,6,6,1,1,0.0,0.27230732651936895,0.018390676547466733,0.914298806560499,0.11775108289014113,0.5765164755142536,0.029973589872677953,0.3079299415911909,0.7046807627366467,0.20185345212294836,0.6734324333249173,0.9553346865039283,0.7869033862552951,0.31540689574801273
19170.812259798062,19301.204511698583,19165.74211111497,46972.7817509306,0.0,0.0,0.0,0.0,0.0,0.0,0.0,0.0,0.0,0.0,0.0,0.0,0.0,0.0,0.0,0.0,0.0,0.0,0.0,0.0,0.0,0.0,0.0,0.0,0.0,0.0,0.0,0.0,0.0,0.0,0.0,0.0,0.0,0.0,0.0,0.0,0.0,0.0,0.0,0.0,0.0,0.0,0.0,0.0,0.0,0.0,0.0,1.0,1.0,6.123233995736766e-17,6.123233995736766e-17,-0.7818314824680299,-0.7818314824680299,0.6234898018587334,0.6234898018587334,0.20129852008866006,0.20129852008866006,0.9795299412524945,0.9795299412524945,0.01716632975470737,0.01716632975470737,0.9998526477050269,0.9998526477050269,2023-01-01 06:50:00,19123.281902451185,6,6,1,1,0.0,0.274055220687206,0.5541780025157934,0.6514203883518642,0.8297418037072016,0.2064212717606032,0.9699120461072704,0.09390071578941839,0.6726021182251263,0.44375021930457115,0.8681422543775054,0.6881347060865421,0.4376031240553919,0.2546706220460512
19118.985237970694,19163.839099862806,18926.455555035107,43972.87502751838,0.0,0.0,0.0,0.0,0.0,0.0,0.0,0.0,0.0,0.0,0.0,0.0,0.0,0.0,0.0,0.0,0.0,0.0,0.0,0.0,0.0,0.0,0.0,0.0,0.0,0.0,0.0,0.0,0.0,0.0,0.0,0.0,0.0,0.0,0.0,0.0,0.0,0.0,0.0,0.0,0.0,0.0,0.0,0.0,0.0,0.0,0.0,1.0,1.0,6.123233995736766e-17,6.123233995736766e-17,-0.7818314824680299,-0.7818314824680299,0.6234898018587334,0.6234898018587334,0.20129852008866006,0.20129852008866006,0.9795299412524945,0.9795299412524945,0.01716632975470737,0.01716632975470737,0.9998526477050269,0.9998526477050269,2023-01-01 06:55:00,19090.31334356453,6,6,1,1,0.0,0.010995828658480478,0.13688563006880727,0.9000186418481051,0.8738900775625152,0.5974131021703083,0.1771497894473859,0.6926259522261645,0.8381152896481102,0.9446142194740232,0.6832480282896458,0.8408715794259226,0.038426348962324997,0.9017619921354235
19038.135877681376,19180.571721950884,18870.939853578933,7034.840154778523,0.0,0.0,0.0,0.0,0.0,0.0,0.0,0.0,0.0,0.0,0.0,0.0,0.0,0.0,0.0,0.0,0.0,0.0,0.0,0.0,0.0,0.0,0.0,0.0,0.0,0.0,0.0,0.0,0.0,0.0,0.0,0.0,0.0,0.0,0.0,0.0,0.0,0.0,0.0,0.0,0.0,0.0,0.0,0.0,0.0,0.0,0.0,0.9659258262890683,0.9659258262890683,-0.25881904510252063,-0.25881904510252063,-0.7818314824680299,-0.7818314824680299,0.6234898018587334,0.6234898018587334,0.20129852008866006,0.20129852008866006,0.9795299412524945,0.9795299412524945,0.01716632975470737,0.01716632975470737,0.9998526477050269,0.9998526477050269,2023-01-01 07:00:00,19006.544017072887,7,6,1,1,0.0,0.6005168604336534,0.6650366745462555,0.1753712786234496,0.9144119459249598,0.4187705248920731,0.4971747640084273,0.6178472402012138,0.8689049844787182,0.5706097466388297,0.03038705969683686,0.46147746462473416,0.6372014768082804,0.6593539222057827
18987.96017332292,19035.40999082228,18848.76533210418,6186.51385237634,0.0,0.0,0.0,0.0,0.0,0.0,0.0,0.0,0.0,0.0,0.0,0.0,0.0,0.0,0.0,0.0,0.0,0.0,0.0,0.0,0.0,0.0,0.0,0.0,0.0,0.0,0.0,0.0,0.0,0.0,0.0,0.0,0.0,0.0,0.0,0.0,0.0,0.0,0.0,0.0,0.0,0.0,0.0,0.0,0.0,0.0,0.0,0.9659258262890683,0.9659258262890683,-0.25881904510252063,-0.25881904510252063,-0.7818314824680299,-0.7818314824680299,0.6234898018587334,0.6234898018587334,0.20129852008866006,0.20129852008866006,0.9795299412524945,0.9795299412524945,0.01716632975470737,0.01716632975470737,0.9998526477050269,0.9998526477050269,2023-01-01 07:05:00,18965.537897224003,7,6,1,1,0.0,0.38313852824949746,0.5189177052828375,0.046965966775055046,0.1662833687560794,0.7380336164263704,0.9309486955069778,0.6895267510315611,0.6765133857772465,0.21567515239771717,0.6588854702326572,0.8951177407065364,0.6366696821672073,0.6139335847600618
19079.50038509313,19144.580324724986,18997.709796210278,21940.85150951223,0.0,0.0,0.0,0.0,0.0,0.0,0.0,0.0,0.0,0.0,0.0,0.0,0.0,0.0,0.0,0.0,0.0,0.0,0.0,0.0,0.0,0.0,0.0,0.0,0.0,0.0,0.0,0.0,0.0,0.0,0.0,0.0,0.0,0.0,0.0,0.0,0.0,0.0,0.0,0.0,0.0,0.0,0.0,0.0,0.0,0.0,0.0,0.9659258262890683,0.9659258262890683,-0.25881904510252063,-0.25881904510252063,-0.7818314824680299,-0.7818314824680299,0.6234898018587334,0.6234898018587334,0.20129852008866006,0.20129852008866006,0.9795299412524945,0.9795299412524945,0.01716632975470737,0.01716632975470737,0.9998526477050269,0.9998526477050269,2023-01-01 07:10:00,19064.83984650823,7,6,1,1,0.0,0.08279866792512647,0.6031521094663882,0.24534910968132095,0.38929561404197655,0.28869373677069987,0.3938644056541585,0.6512329770414921,0.10659303030799072,0.657845304603036,0.9994137257706666,0.06665204056068996,0.5184080219452041,0.15016900081704165
19112.3754960591,19261.673777082706,19077.71663204493,41474.89988518248,0.0,0.0,0.0,0.0,0.0,0.0,0.0,0.0,0.0,0.0,0.0,0.0,0.0,0.0,0.0,0.0,0.0,0.0,0.0,0.0,0.0,0.0,0.0,0.0,0.0,0.0,0.0,0.0,0.0,0.0,0.0,0.0,0.0,0.0,0.0,0.0,0.0,0.0,0.0,0.0,0.0,0.0,0.0,0.0,0.0,0.0,0.0,0.9659258262890683,0.9659258262890683,-0.25881904510252063,-0.25881904510252063,-0.7818314824680299,-0.7818314824680299,0.6234898018587334,0.6234898018587334,0.20129852008866006,0.20129852008866006,0.9795299412524945,0.9795299412524945,0.01716632975470737,0.01716632975470737,0.9998526477050269,0.9998526477050269,2023-01-01 07:15:00,19095.942268790604,7,6,1,1,0.0,0.35567271646494913,0.7190459051842455,0.297121715623175,0.5664046402968972,0.47605040219909966,0.04821203886055603,0.9771741842213173,0.4069079607228706,0.8707534503372591,0.7823854840582735,0.7374337687214856,0.5122219208126745,0.6802277792083533
19059.399475682396,19189.326055491838,19028.11206714818,49427.425819172495,0.0,0.0,0.0,0.0,0.0,0.0,0.0,0.0,0.0,0.0,0.0,0.0,0.0,0.0,0.0,0.0,0.0,0.0,0.0,0.0,0.0,0.0,0.0,0.0,0.0,0.0,0.0,0.0,0.0,0.0,0.0,0.0,0.0,0.0,0.0,0.0,0.0,0.0,0.0,0.0,0.0,0.0,0.0,0.0,0.0,0.0,0.0,0.9659258262890683,0.9659258262890683,-0.25881904510252063,-0.25881904510252063,-0.7818314824680299,-0.7818314824680299,0.6234898018587334,0.6234898018587334,0.20129852008866006,0.20129852008866006,0.9795299412524945,0.9795299412524945,0.01716632975470737,0.01716632975470737,0.9998526477050269,0.9998526477050269,2023-01-01 07:20:00,19025.773552878545,7,6,1,1,0.0,0.6636711653626481,0.936829739324758,0.7325720972102503,0.21494037859075676,0.031183135061284672,0.5670162609866678,0.7384492092513265,0.8785155613013479,0.404140321651033,0.3270331615632387,0.041672900602384266,0.08479201604580322,0.7163233880626823
19110.726218993732,19280.570901092568,19060.677639360812,11768.760099658768,0.0,0.0,0.0,0.0,0.0,0.0,0.0,0.0,0.0,0.0,0.0,0.0,0.0,0.0,0.0,0.0,0.0,0.0,0.0,0.0,0.0,0.0,0.0,0.0,0.0,0.0,0.0,0.0,0.0,0.0,0.0,0.0,0.0,0.0,0.0,0.0,0.0,0.0,0.0,0.0,0.0,0.0,0.0,0.0,0.0,0.0,0.0,0.9659258262890683,0.9659258262890683,-0.25881904510252063,-0.25881904510252063,-0.7818314824680299,-0.7818314824680299,0.6234898018587334,0.6234898018587334,0.20129852008866006,0.20129852008866006,0.9795299412524945,0.9795299412524945,0.01716632975470737,0.01716632975470737,0.9998526477050269,0.9998526477050269,2023-01-01 07:25:00,19073.10749252185,7,6,1,1,0.0,0.2622640442998251,0.5950779307002548,0.05142581348425035,0.49636624720123634,0.5968428489168892,0.6675933855635847,0.8078459419412586,0.7622851347766157,0.7978136488586345,0.435583314812933,0.07208433599867337,0.0712567277652586,0.01210847523488745
19120.433973928535,19251.956552388605,19010.588640987313,31735.88219084608,0.0,0.0,0.0,0.0,0.0,0.0,0.0,0.0,0.0,0.0,0.0,0.0,0.0,0.0,0.0,0.0,0.0,0.0,0.0,0.0,0.0,0.0,0.0,0.0,0.0,0.0,0.0,0.0,0.0,0.0,0.0,0.0,0.0,0.0,0.0,0.0,0.0,0.0,0.0,0.0,0.0,0.0,0.0,0.0,0.0,0.0,0.0,0.9659258262890683,0.9659258262890683,-0.25881904510252063,-0.25881904510252063,-0.7818314824680299,-0.7818314824680299,0.6234898018587334,0.6234898018587334,0.20129852008866006,0.20129852008866006,0.9795299412524945,0.9795299412524945,0.01716632975470737,0.01716632975470737,0.9998526477050269,0.9998526477050269,2023-01-01 07:30:00,19080.85502174224,7,6,1,1,0.0,0.3342438908169608,0.7709122037458219,0.1065982531337718,0.07513778173580876,0.7281887562036033,0.8178342161750216,0.12020905537060844,0.5444890979608495,0.0057586604981215705,0.3245858299002703,0.9565013982994801,0.737508359459007,0.35325140850206416
19217.298472981824,19330.960193648916,19074.37928844181,22140.08854839597,0.0,0.0,0.0,0.0,0.0,0.0,0.0,0.0,0.0,0.0,0.0,0.0,0.0,0.0,0.0,0.0,0.0,0.0,0.0,0.0,0.0,0.0,0.0,0.0,0.0,0.0,0.0,0.0,0.0,0.0,0.0,0.0,0.0,0.0,0.0,0.0,0.0,0.0,0.0,0.0,0.0,0.0,0.0,0.0,0.0,0.0,0.0,0.9659258262890683,0.9659258262890683,-0.25881904510252063,-0.25881904510252063,-0.7818314824680299,-0.7818314824680299,0.6234898018587334,0.6234898018587334,0.20129852008866006,0.20129852008866006,0.9795299412524945,0.9795299412524945,0.01716632975470737,0.01716632975470737,0.9998526477050269,0.9998526477050269,2023-01-01 07:35:00,19177.817565842095,7,6,1,1,0.0,0.49549131620619846,0.688402396427736,0.4348273386037462,0.2464020332391068,0.8191023176741997,0.3664615348713979,0.3961726916092554,0.6954672066898622,0.38855810127034573,0.44869362262253065,0.2965355812876552,0.34970322974584955,0.7746535311811819
19147.093163594087,19165.828117159705,19015.05368825054,48646.14790165715,0.0,0.0,0.0,0.0,0.0,0.0,0.0,0.0,0.0,0.0,0.0,0.0,0.0,0.0,0.0,0.0,0.0,0.0,0.0,0.0,0.0,0.0,0.0,0.0,0.0,0.0,0.0,0.0,0.0,0.0,0.0,0.0,0.0,0.0,0.0,0.0,0.0,0.0,0.0,0.0,0.0,0.0,0.0,0.0,0.0,0.0,0.0,0.9659258262890683,0.9659258262890683,-0.25881904510252063,-0.25881904510252063,-0.7818314824680299,-0.7818314824680299,0.6234898018587334,0.6234898018587334,0.20129852008866006,0.20129852008866006,0.9795299412524945,0.9795299412524945,0.01716632975470737,0.01716632975470737,0.9998526477050269,0.9998526477050269,2023-01-01 07:40:00,19142.532858441653,7,6,1,1,0.0,0.7994158789689793,0.6946964708544268,0.2721451372299627,0.5902306668690871,0.3609738969400268,0.23754413087432746,0.3732517916293401,0.22726962726315147,0.07319592376844364,0.6034485933813779,0.6613706110704144,0.18519556786746794,0.17410933533408435
19114.32694893431,19187.8701095462,19058.34016954512,42895.35154110689,0.0,0.0,0.0,0.0,0.0,0.0,0.0,0.0,0.0,0.0,0.0,0.0,0.0,0.0,0.0,0.0,0.0,0.0,0.0,0.0,0.0,0.0,0.0,0.0,0.0,0.0,0.0,0.0,0.0,0.0,0.0,0.0,0.0,0.0,0.0,0.0,0.0,0.0,0.0,0.0,0.0,0.0,0.0,0.0,0.0,0.0,0.0,0.9659258262890683,0.9659258262890683,-0.25881904510252063,-0.25881904510252063,-0.7818314824680299,-0.7818314824680299,0.6234898018587334,0.6234898018587334,0.20129852008866006,0.20129852008866006,0.9795299412524945,0.9795299412524945,0.01716632975470737,0.01716632975470737,0.9998526477050269,0.9998526477050269,2023-01-01 07:45:00,19089.605933699182,7,6,1,1,0.0,0.09158207332663415,0.9173135754622428,0.1368186309189614,0.9502373538208024,0.44600577295795574,0.6682127985550163,0.6194903460096145,0.46349404380057235,0.3797857801792298,0.8633336495718252,0.09839564971339732,0.6603027197013381,0.7643726622217359
19075.116133621097,19128.15660715744,18884.143077488457,42724.791712001206,0.0,0.0,0.0,0.0,0.0,0.0,0.0,0.0,0.0,0.0,0.0,0.0,0.0,0.0,0.0,0.0,0.0,0.0,0.0,0.0,0.0,0.0,0.0,0.0,0.0,0.0,0.0,0.0,0.0,0.0,0.0,0.0,0.0,0.0,0.0,0.0,0.0,0.0,0.0,0.0,0.0,0.0,0.0,0.0,0.0,0.0,0.0,0.9659258262890683,0.9659258262890683,-0.25881904510252063,-0.25881904510252063,-0.7818314824680299,-0.7818314824680299,0.6234898018587334,0.6234898018587334,0.20129852008866006,0.20129852008866006,0.9795299412524945,0.9795299412524945,0.01716632975470737,0.01716632975470737,0.9998526477050269,0.9998526477050269,2023-01-01 07:50:00,19072.238195620266,7,6,1,1,0.0,0.18513292883861965,0.5419009473783581,0.8729458358764083,0.7322248864095612,0.8065611478614497,0.519081785136218,0.47918187762973097,0.025642065806435688,0.34124782762615635,0.38019561878585706,0.265046428325004,0.020944961030912812,0.08217166747642735
18928.764638807883,18977.5625674837,18781.18525546873,26091.19219077366,0.0,0.0,0.0,0.0,0.0,0.0,0.0,0.0,0.0,0.0,0.0,0.0,0.0,0.0,0.0,0.0,0.0,0.0,0.0,0.0,0.0,0.0,0.0,0.0,0.0,0.0,0.0,0.0,0.0,0.0,0.0,0.0,0.0,0.0,0.0,0.0,0.0,0.0,0.0,0.0,0.0,0.0,0.0,0.0,0.0,0.0,0.0,0.9659258262890683,0.9659258262890683,-0.25881904510252063,-0.25881904510252063,-0.7818314824680299,-0.7818314824680299,0.6234898018587334,0.6234898018587334,0.20129852008866006,0.20129852008866006,0.9795299412524945,0.9795299412524945,0.01716632975470737,0.01716632975470737,0.9998526477050269,0.9998526477050269,2023-01-01 07:55:00,18901.288194691697,7,6,1,1,0.0,0.6587833667107174,0.6922765645178525,0.8491956515653193,0.24966800885918594,0.4894249636431405,0.3988227808969005,0.5801723692273323,0.5336025467268785,0.6079050927934446,0.7648832615421283,0.9678600348450305,0.29544477747742026,0.7692231478381336
18958.37666651434,19152.978777464832,18847.50585601206,23666.877605194935,0.0,0.0,0.0,0.0,0.0,0.0,0.0,0.0,0.0,0.0,0.0,0.0,0.0,0.0,0.0,0.0,0.0,0.0,0.0,0.0,0.0,0.0,0.0,0.0,0.0,0.0,0.0,0.0,0.0,0.0,0.0,0.0,0.0,0.0,0.0,0.0,0.0,0.0,0.0,0.0,0.0,0.0,0.0,0.0,0.0,0.0,0.0,0.8660254037844387,0.8660254037844387,-0.4999999999999998,-0.4999999999999998,-0.7818314824680299,-0.7818314824680299,0.6234898018587334,0.6234898018587334,0.20129852008866006,0.20129852008866006,0.9795299412524945,0.9795299412524945,0.01716632975470737,0.01716632975470737,0.9998526477050269,0.9998526477050269,2023-01-01 08:00:00,18936.300141445674,8,6,1,1,0.0,0.22120944181960223,0.987668007996647,0.9440593396866133,0.0394268113685059,0.7055751725156885,0.8129857387160935,0.7181230762264944,0.9555236959549347,0.01823258267636163,0.1957779856835461,0.6246635688542638,0.3819396396528959,0.2056872621955551
18984.48219373233,19063.101738665682,18862.13804448546,17303.31823688178,0.0,0.0,0.0,0.0,0.0,0.0,0.0,0.0,0.0,0.0,0.0,0.0,0.0,0.0,0.0,0.0,0.0,0.0,0.0,0.0,0.0,0.0,0.0,0.0,0.0,0.0,0.0,0.0,0.0,0.0,0.0,0.0,0.0,0.0,0.0,0.0,0.0,0.0,0.0,0.0,0.0,0.0,0.0,0.0,0.0,0.0,0.0,0.8660254037844387,0.8660254037844387,-0.4999999999999998,-0.4999999999999998,-0.7818314824680299,-0.7818314824680299,0.6234898018587334,0.6234898018587334,0.20129852008866006,0.20129852008866006,0.9795299412524945,0.9795299412524945,0.01716632975470737,0.01716632975470737,0.9998526477050269,0.9998526477050269,2023-01-01 08:05:00,18940.096984594413,8,6,1,1,0.0,0.9252483174156658,0.18057534512733353,0.5679452305526295,0.9154882975880418,0.03394597858579884,0.00756287497814212,0.647474714154603,0.8980305489499869,0.24348229657629927,0.9270345447963066,0.12138641815940643,0.6150129680388666,0.774633780637788
18984.993539396575,19163.402850431998,18901.073526911016,7536.89734929172,0.0,0.0,0.0,0.0,0.0,0.0,0.0,0.0,0.0,0.0,0.0,0.0,0.0,0.0,0.0,0.0,0.0,0.0,0.0,0.0,0.0,0.0,0.0,0.0,0.0,0.0,0.0,0.0,0.0,0.0,0.0,0.0,0.0,0.0,0.0,0.0,0.0,0.0,0.0,0.0,0.0,0.0,0.0,0.0,0.0,0.0,0.0,0.8660254037844387,0.8660254037844387,-0.4999999999999998,-0.4999999999999998,-0.7818314824680299,-0.7818314824680299,0.6234898018587334,0.6234898018587334,0.20129852008866006,0.20129852008866006,0.9795299412524945,0.9795299412524945,0.01716632975470737,0.01716632975470737,0.9998526477050269,0.9998526477050269,2023-01-01 08:10:00,18967.44778876897,8,6,1,1,0.0,0.6974202672468399,0.29734900737255077,0.9243961953765304,0.9710582451653678,0.9442664891134339,0.06026739028956085,0.9344360268055143,0.3516226872396344,0.10142082844921652,0.48587175918632564,0.6439042535411307,0.5303021332491583,0.041951223431636264
18961.53482605906,19087.762551258515,18911.98862815883,43912.506931477394,0.0,0.0,0.0,0.0,0.0,0.0,0.0,0.0,0.0,0.0,0.0,0.0,0.0,0.0,0.0,0.0,0.0,0.0,0.0,0.0,0.0,0.0,0.0,0.0,0.0,0.0,0.0,0.0,0.0,0.0,0.0,0.0,0.0,0.0,0.0,0.0,0.0,0.0,0.0,0.0,0.0,0.0,0.0,0.0,0.0,0.0,0.0,0.8660254037844387,0.8660254037844387,-0.4999999999999998,-0.4999999999999998,-0.7818314824680299,-0.7818314824680299,0.6234898018587334,0.6234898018587334,0.20129852008866006,0.20129852008866006,0.9795299412524945,0.9795299412524945,0.01716632975470737,0.01716632975470737,0.9998526477050269,0.9998526477050269,2023-01-01 08:15:00,18955.68147523768,8,6,1,1,0.0,0.47421421665746377,0.8620426509893134,0.8445493985350704,0.31910047324325563,0.8289154741506773,0.25677656772050794,0.28487290196192283,0.3072899649262866,0.8030258978326634,0.5391612766752545,0.9684887775943838,0.7987141916545746,0.29282203670096474
